point,east,north,zone,hemisphere,lat,lon,psf,grid_conv
base,407256.182,7400064.902,56,South,-23.506959524,152.091617438,0.99970625,-0.362344
test00002,407250.329,7400077.209,56,South,-23.506848036,152.091560878,0.99970626,-0.362365
test00003,407249.98,7400077.71,56,South,-23.506843491,152.091557491,0.99970626,-0.362366
test00004,407249.724,7400078.25,56,South,-23.506838599,152.091555017,0.99970626,-0.362367
test00005,407249.477,7400078.803,56,South,-23.506833591,152.091552633,0.99970626,-0.362368
test00006,407249.219,7400079.594,56,South,-23.506826432,152.091550155,0.99970627,-0.362369
test00007,407249.047,7400080.229,56,South,-23.506820687,152.091548510,0.99970627,-0.362369
test00008,407248.85,7400080.819,56,South,-23.506815347,152.091546617,0.99970627,-0.362370
test00009,407248.704,7400081.44,56,South,-23.506809730,152.091545226,0.99970627,-0.362370
test00010,407248.449,7400082.04,56,South,-23.506804296,152.091542765,0.99970627,-0.362371
test00011,407248.287,7400082.765,56,South,-23.506797739,152.091541224,0.99970627,-0.362372
test00012,407248.003,7400083.347,56,South,-23.506792466,152.091538478,0.99970627,-0.362373
test00013,407247.91,7400083.935,56,South,-23.506787150,152.091537604,0.99970627,-0.362373
test00014,407247.798,7400084.545,56,South,-23.506781635,152.091536545,0.99970627,-0.362374
test00015,407247.84,7400085.081,56,South,-23.506776796,152.091536989,0.99970627,-0.362373
test00016,407247.923,7400085.59,56,South,-23.506772204,152.091537834,0.99970627,-0.362373
test00017,407248.003,7400086.121,56,South,-23.506767412,152.091538650,0.99970627,-0.362372
test00018,407248.219,7400086.659,56,South,-23.506762566,152.091540799,0.99970627,-0.362372
test00019,407248.454,7400087.213,56,South,-23.506757575,152.091543135,0.99970627,-0.362371
test00020,407339.758,7400136.621,56,South,-23.506316549,152.092440384,0.99970606,-0.362006
test00021,407340.071,7400136.702,56,South,-23.506315835,152.092443454,0.99970606,-0.362005
test00022,407340.39,7400136.772,56,South,-23.506315221,152.092446583,0.99970606,-0.362004
test00023,407340.659,7400136.767,56,South,-23.506315282,152.092449217,0.99970606,-0.362003
test00024,407341.071,7400136.846,56,South,-23.506314592,152.092453257,0.99970605,-0.362001
test00025,407341.439,7400136.905,56,South,-23.506314080,152.092456864,0.99970605,-0.362000
test00026,407341.813,7400136.923,56,South,-23.506313939,152.092460528,0.99970605,-0.361998
test00027,407342.218,7400136.996,56,South,-23.506313302,152.092464499,0.99970605,-0.361997
test00028,407342.5,7400137.017,56,South,-23.506313129,152.092467262,0.99970605,-0.361995
test00029,407342.781,7400137.023,56,South,-23.506313091,152.092470015,0.99970605,-0.361994
test00030,407343.166,7400137.083,56,South,-23.506312571,152.092473789,0.99970605,-0.361993
test00031,407343.539,7400137.152,56,South,-23.506311969,152.092477446,0.99970605,-0.361991
test00032,407344.131,7400137.275,56,South,-23.506310892,152.092483251,0.99970605,-0.361989
test00033,407344.507,7400137.317,56,South,-23.506310534,152.092486936,0.99970605,-0.361988
test00034,407344.799,7400137.38,56,South,-23.506309981,152.092489800,0.99970605,-0.361986
test00035,407345.271,7400137.47,56,South,-23.506309196,152.092494428,0.99970605,-0.361985
test00036,407345.684,7400137.509,56,South,-23.506308867,152.092498475,0.99970604,-0.361983
test00037,407345.998,7400137.537,56,South,-23.506308632,152.092501552,0.99970604,-0.361982
test00038,407346.294,7400137.587,56,South,-23.506308197,152.092504454,0.99970604,-0.361981
test00039,407346.711,7400137.659,56,South,-23.506307571,152.092508543,0.99970604,-0.361979
test00040,407347.02,7400137.663,56,South,-23.506307552,152.092511569,0.99970604,-0.361978
test00041,407347.356,7400137.661,56,South,-23.506307589,152.092514859,0.99970604,-0.361976
test00042,407347.667,7400137.68,56,South,-23.506307436,152.092517906,0.99970604,-0.361975
test00043,407348.076,7400137.642,56,South,-23.506307802,152.092521910,0.99970604,-0.361974
test00044,407348.404,7400137.7,56,South,-23.506307297,152.092525126,0.99970604,-0.361972
test00045,407348.7,7400137.816,56,South,-23.506306266,152.092528032,0.99970604,-0.361971
test00046,407349.071,7400137.795,56,South,-23.506306477,152.092531664,0.99970604,-0.361970
test00047,407349.397,7400137.824,56,South,-23.506306234,152.092534858,0.99970604,-0.361968
test00048,407349.752,7400137.93,56,South,-23.506305297,152.092538341,0.99970603,-0.361967
test00049,407350.114,7400137.983,56,South,-23.506304839,152.092541890,0.99970603,-0.361966
test00050,407350.468,7400138.09,56,South,-23.506303892,152.092545363,0.99970603,-0.361964
test00051,407350.817,7400138.159,56,South,-23.506303289,152.092548786,0.99970603,-0.361963
test00052,407351.092,7400138.14,56,South,-23.506303476,152.092551478,0.99970603,-0.361962
test00053,407351.346,7400138.181,56,South,-23.506303121,152.092553968,0.99970603,-0.361961
test00054,407351.599,7400138.202,56,South,-23.506302945,152.092556447,0.99970603,-0.361960
test00055,407351.848,7400138.165,56,South,-23.506303294,152.092558883,0.99970603,-0.361959
test00056,407352.174,7400138.18,56,South,-23.506303177,152.092562077,0.99970603,-0.361957
test00057,407352.513,7400138.146,56,South,-23.506303503,152.092565395,0.99970603,-0.361956
test00058,407352.806,7400138.1,56,South,-23.506303935,152.092568261,0.99970603,-0.361955
test00059,407353.249,7400138.223,56,South,-23.506302850,152.092572608,0.99970603,-0.361953
test00060,407353.514,7400138.169,56,South,-23.506303353,152.092575199,0.99970603,-0.361952
test00061,407353.77,7400138.152,56,South,-23.506303521,152.092577706,0.99970603,-0.361951
test00062,407354.037,7400138.202,56,South,-23.506303084,152.092580324,0.99970603,-0.361950
test00063,407354.352,7400138.16,56,South,-23.506303482,152.092583406,0.99970602,-0.361949
test00064,407354.72,7400138.163,56,South,-23.506303476,152.092587010,0.99970602,-0.361948
test00065,407355.12,7400138.202,56,South,-23.506303146,152.092590930,0.99970602,-0.361946
test00066,407355.378,7400138.163,56,South,-23.506303513,152.092593454,0.99970602,-0.361945
test00067,407355.671,7400138.265,56,South,-23.506302609,152.092596330,0.99970602,-0.361944
test00068,407355.93,7400138.275,56,South,-23.506302533,152.092598867,0.99970602,-0.361943
test00069,407356.184,7400138.266,56,South,-23.506302629,152.092601354,0.99970602,-0.361942
test00070,407356.461,7400138.335,56,South,-23.506302022,152.092604071,0.99970602,-0.361941
test00071,407356.813,7400138.354,56,South,-23.506301870,152.092607520,0.99970602,-0.361939
test00072,407357.1,7400138.37,56,South,-23.506301742,152.092610332,0.99970602,-0.361938
test00073,407357.44,7400138.42,56,South,-23.506301310,152.092613664,0.99970602,-0.361937
test00074,407357.821,7400138.353,56,South,-23.506301937,152.092617392,0.99970602,-0.361935
test00075,407358.18,7400138.354,56,South,-23.506301948,152.092620908,0.99970602,-0.361934
test00076,407358.548,7400138.344,56,South,-23.506302059,152.092624511,0.99970601,-0.361933
test00077,407358.9,7400138.284,56,South,-23.506302621,152.092627955,0.99970601,-0.361931
test00078,407359.257,7400138.3,56,South,-23.506302497,152.092631452,0.99970601,-0.361930
test00079,407359.603,7400138.301,56,South,-23.506302508,152.092634840,0.99970601,-0.361928
test00080,407359.971,7400138.26,56,South,-23.506302899,152.092638442,0.99970601,-0.361927
test00081,407360.309,7400138.302,56,South,-23.506302539,152.092641755,0.99970601,-0.361926
test00082,407360.65,7400138.317,56,South,-23.506302423,152.092645095,0.99970601,-0.361924
test00083,407360.978,7400138.29,56,South,-23.506302686,152.092648306,0.99970601,-0.361923
test00084,407361.28,7400138.33,56,South,-23.506302342,152.092651266,0.99970601,-0.361922
test00085,407361.59,7400138.336,56,South,-23.506302305,152.092654302,0.99970601,-0.361921
test00086,407361.911,7400138.359,56,South,-23.506302116,152.092657448,0.99970601,-0.361919
test00087,407362.267,7400138.374,56,South,-23.506302001,152.092660935,0.99970601,-0.361918
test00088,407362.562,7400138.345,56,South,-23.506302279,152.092663822,0.99970601,-0.361917
test00089,407362.889,7400138.425,56,South,-23.506301575,152.092667030,0.999706,-0.361916
test00090,407363.267,7400138.42,56,South,-23.506301642,152.092670731,0.999706,-0.361914
test00091,407363.544,7400138.319,56,South,-23.506302570,152.092673438,0.999706,-0.361913
test00092,407363.758,7400138.09,56,South,-23.506304651,152.092675520,0.999706,-0.361912
test00093,407363.84,7400137.721,56,South,-23.506307988,152.092676300,0.999706,-0.361912
test00094,407363.92,7400137.37,56,South,-23.506311163,152.092677062,0.999706,-0.361912
test00095,407363.54,7400137.27,56,South,-23.506312044,152.092673334,0.999706,-0.361913
test00096,407363.261,7400137.1,56,South,-23.506313564,152.092670591,0.999706,-0.361914
test00097,407362.978,7400136.94,56,South,-23.506314993,152.092667809,0.999706,-0.361915
test00098,407362.638,7400136.999,56,South,-23.506314440,152.092664483,0.99970601,-0.361917
test00099,407362.226,7400136.981,56,South,-23.506314579,152.092660447,0.99970601,-0.361918
test00100,407361.8,7400136.953,56,South,-23.506314808,152.092656273,0.99970601,-0.361920
test00101,407361.326,7400136.92,56,South,-23.506315079,152.092651629,0.99970601,-0.361922
test00102,407361.028,7400136.786,56,South,-23.506316272,152.092648703,0.99970601,-0.361923
test00103,407360.682,7400136.615,56,South,-23.506317797,152.092645303,0.99970601,-0.361924
test00104,407360.301,7400136.453,56,South,-23.506319238,152.092641562,0.99970601,-0.361926
test00105,407359.916,7400136.334,56,South,-23.506320291,152.092637784,0.99970601,-0.361928
test00106,407359.54,7400136.196,56,South,-23.506321516,152.092634093,0.99970601,-0.361929
test00107,407359.074,7400136.135,56,South,-23.506322040,152.092629526,0.99970601,-0.361931
test00108,407358.648,7400136.066,56,South,-23.506322639,152.092625349,0.99970601,-0.361932
test00109,407358.303,7400135.93,56,South,-23.506323848,152.092621962,0.99970602,-0.361934
test00110,407357.883,7400135.904,56,South,-23.506324059,152.092617847,0.99970602,-0.361936
test00111,407357.504,7400135.854,56,South,-23.506324489,152.092614132,0.99970602,-0.361937
test00112,407357.24,7400135.717,56,South,-23.506325711,152.092611538,0.99970602,-0.361938
test00113,407356.908,7400135.639,56,South,-23.506326397,152.092608282,0.99970602,-0.361939
test00114,407356.527,7400135.547,56,South,-23.506327206,152.092604545,0.99970602,-0.361941
test00115,407356.221,7400135.382,56,South,-23.506328679,152.092601538,0.99970602,-0.361942
test00116,407355.919,7400135.272,56,South,-23.506329655,152.092598574,0.99970602,-0.361943
test00117,407355.589,7400135.205,56,South,-23.506330241,152.092595338,0.99970602,-0.361945
test00118,407355.33,7400135.051,56,South,-23.506331617,152.092592792,0.99970602,-0.361946
test00119,407354.96,7400134.911,56,South,-23.506332861,152.092589159,0.99970602,-0.361947
test00120,407354.642,7400134.931,56,South,-23.506332662,152.092586046,0.99970602,-0.361948
test00121,407354.312,7400134.902,56,South,-23.506332905,152.092582813,0.99970602,-0.361950
test00122,407354.067,7400134.809,56,South,-23.506333731,152.092580407,0.99970602,-0.361951
test00123,407353.761,7400134.715,56,South,-23.506334562,152.092577405,0.99970603,-0.361952
test00124,407353.322,7400134.573,56,South,-23.506335820,152.092573097,0.99970603,-0.361954
test00125,407352.91,7400134.44,56,South,-23.506336998,152.092569053,0.99970603,-0.361955
test00126,407352.581,7400134.383,56,South,-23.506337494,152.092565828,0.99970603,-0.361956
test00127,407352.168,7400134.211,56,South,-23.506339023,152.092561773,0.99970603,-0.361958
test00128,407351.749,7400134.092,56,South,-23.506340074,152.092557662,0.99970603,-0.361960
test00129,407351.403,7400133.99,56,South,-23.506340976,152.092554267,0.99970603,-0.361961
test00130,407351.1,7400133.869,56,South,-23.506342051,152.092551292,0.99970603,-0.361962
test00131,407350.8,7400133.743,56,South,-23.506343172,152.092548346,0.99970603,-0.361964
test00132,407350.45,7400133.667,56,South,-23.506343839,152.092544914,0.99970603,-0.361965
test00133,407350.137,7400133.572,56,South,-23.506344679,152.092541842,0.99970603,-0.361966
test00134,407349.863,7400133.482,56,South,-23.506345476,152.092539153,0.99970603,-0.361967
test00135,407349.581,7400133.447,56,South,-23.506345776,152.092536389,0.99970604,-0.361968
test00136,407349.234,7400133.356,56,South,-23.506346578,152.092532985,0.99970604,-0.361970
test00137,407348.856,7400133.234,56,South,-23.506347658,152.092529276,0.99970604,-0.361971
test00138,407348.486,7400133.177,56,South,-23.506348152,152.092525649,0.99970604,-0.361973
test00139,407348.2,7400133.101,56,South,-23.506348822,152.092522843,0.99970604,-0.361974
test00140,407347.798,7400133.02,56,South,-23.506349531,152.092518901,0.99970604,-0.361975
test00141,407347.381,7400132.852,56,South,-23.506351024,152.092514807,0.99970604,-0.361977
test00142,407347.132,7400132.68,56,South,-23.506352564,152.092512358,0.99970604,-0.361978
test00143,407346.839,7400132.567,56,South,-23.506353568,152.092509481,0.99970604,-0.361979
test00144,407346.526,7400132.543,56,South,-23.506353766,152.092506414,0.99970604,-0.361980
test00145,407346.186,7400132.461,56,South,-23.506354488,152.092503079,0.99970604,-0.361982
test00146,407345.934,7400132.28,56,South,-23.506356108,152.092500600,0.99970604,-0.361983
test00147,407345.471,7400132.15,56,South,-23.506357256,152.092496058,0.99970604,-0.361985
test00148,407345.03,7400131.846,56,South,-23.506359976,152.092491720,0.99970605,-0.361986
test00149,407344.71,7400131.641,56,South,-23.506361809,152.092488573,0.99970605,-0.361988
test00150,407344.378,7400131.53,56,South,-23.506362793,152.092485315,0.99970605,-0.361989
test00151,407344.004,7400131.385,56,South,-23.506364081,152.092481643,0.99970605,-0.361990
test00152,407343.79,7400131.236,56,South,-23.506365415,152.092479538,0.99970605,-0.361991
test00153,407343.443,7400131.092,56,South,-23.506366696,152.092476131,0.99970605,-0.361993
test00154,407343.146,7400130.93,56,South,-23.506368142,152.092473212,0.99970605,-0.361994
test00155,407342.902,7400130.69,56,South,-23.506370295,152.092470808,0.99970605,-0.361995
test00156,407342.934,7400130.431,56,South,-23.506372636,152.092471105,0.99970605,-0.361995
test00157,407343.2,7400130.35,56,South,-23.506373383,152.092473705,0.99970605,-0.361994
test00158,407343.371,7400130.113,56,South,-23.506375534,152.092475365,0.99970605,-0.361993
test00159,407343.628,7400130.046,56,South,-23.506376153,152.092477878,0.99970605,-0.361992
test00160,407343.996,7400129.911,56,South,-23.506377394,152.092481474,0.99970605,-0.361991
test00161,407344.24,7400129.855,56,South,-23.506377913,152.092483860,0.99970605,-0.361990
test00162,407344.511,7400129.889,56,South,-23.506377622,152.092486516,0.99970605,-0.361989
test00163,407344.75,7400129.779,56,South,-23.506378629,152.092488850,0.99970605,-0.361988
test00164,407344.978,7400129.666,56,South,-23.506379662,152.092491076,0.99970605,-0.361987
test00165,407345.262,7400129.671,56,South,-23.506379633,152.092493857,0.99970605,-0.361986
test00166,407345.548,7400129.696,56,South,-23.506379424,152.092496660,0.99970604,-0.361985
test00167,407345.909,7400129.656,56,South,-23.506379806,152.092500193,0.99970604,-0.361983
test00168,407346.29,7400129.739,56,South,-23.506379078,152.092503929,0.99970604,-0.361982
test00169,407346.657,7400129.875,56,South,-23.506377871,152.092507532,0.99970604,-0.361980
test00170,407346.989,7400129.883,56,South,-23.506377817,152.092510784,0.99970604,-0.361979
test00171,407347.273,7400129.95,56,South,-23.506377228,152.092513569,0.99970604,-0.361978
test00172,407347.512,7400130.03,56,South,-23.506376519,152.092515915,0.99970604,-0.361977
test00173,407347.859,7400129.951,56,South,-23.506377253,152.092519309,0.99970604,-0.361976
test00174,407348.116,7400130.004,56,South,-23.506376789,152.092521829,0.99970604,-0.361975
test00175,407348.364,7400130.114,56,South,-23.506375809,152.092524264,0.99970604,-0.361974
test00176,407348.649,7400130.054,56,South,-23.506376368,152.092527052,0.99970604,-0.361972
test00177,407348.95,7400130.102,56,South,-23.506375951,152.092530003,0.99970604,-0.361971
test00178,407349.279,7400130.074,56,South,-23.506376223,152.092533223,0.99970604,-0.361970
test00179,407349.519,7400129.919,56,South,-23.506377636,152.092535564,0.99970604,-0.361969
test00180,407349.772,7400129.935,56,South,-23.506377506,152.092538043,0.99970603,-0.361968
test00181,407350.02,7400129.872,56,South,-23.506378090,152.092540468,0.99970603,-0.361967
test00182,407350.307,7400129.915,56,South,-23.506377718,152.092543281,0.99970603,-0.361966
test00183,407350.57,7400129.866,56,South,-23.506378175,152.092545854,0.99970603,-0.361965
test00184,407350.813,7400129.927,56,South,-23.506377638,152.092548237,0.99970603,-0.361964
test00185,407351.057,7400129.866,56,South,-23.506378203,152.092550623,0.99970603,-0.361963
test00186,407351.383,7400129.883,56,South,-23.506378068,152.092553817,0.99970603,-0.361962
test00187,407351.666,7400129.931,56,South,-23.506377651,152.092556591,0.99970603,-0.361961
test00188,407351.95,7400129.955,56,South,-23.506377450,152.092559374,0.99970603,-0.361960
test00189,407352.269,7400130.0,56,South,-23.506377062,152.092562501,0.99970603,-0.361958
test00190,407352.641,7400129.996,56,South,-23.506377119,152.092566144,0.99970603,-0.361957
test00191,407352.917,7400129.956,56,South,-23.506377496,152.092568845,0.99970603,-0.361956
test00192,407353.2,7400129.999,56,South,-23.506377124,152.092571619,0.99970603,-0.361955
test00193,407353.461,7400130.04,56,South,-23.506376769,152.092574177,0.99970603,-0.361954
test00194,407353.784,7400129.941,56,South,-23.506377681,152.092577335,0.99970603,-0.361952
test00195,407354.039,7400129.926,56,South,-23.506377831,152.092579831,0.99970603,-0.361951
test00196,407354.316,7400130.047,56,South,-23.506376754,152.092582551,0.99970602,-0.361950
test00197,407354.569,7400130.041,56,South,-23.506376823,152.092585029,0.99970602,-0.361949
test00198,407354.933,7400130.04,56,South,-23.506376853,152.092588594,0.99970602,-0.361948
test00199,407355.242,7400129.969,56,South,-23.506377511,152.092591615,0.99970602,-0.361947
test00200,407355.741,7400130.079,56,South,-23.506376546,152.092596509,0.99970602,-0.361945
test00201,407356.098,7400130.029,56,South,-23.506377018,152.092600002,0.99970602,-0.361943
test00202,407356.353,7400130.006,56,South,-23.506377241,152.092602498,0.99970602,-0.361942
test00203,407356.614,7400130.106,56,South,-23.506376352,152.092605061,0.99970602,-0.361941
test00204,407356.98,7400130.115,56,South,-23.506376292,152.092608646,0.99970602,-0.361940
test00205,407357.351,7400130.1,56,South,-23.506376449,152.092612278,0.99970602,-0.361938
test00206,407357.654,7400130.171,56,South,-23.506375825,152.092615250,0.99970602,-0.361937
test00207,407357.983,7400130.13,56,South,-23.506376214,152.092618469,0.99970602,-0.361936
test00208,407358.34,7400130.091,56,South,-23.506376586,152.092621963,0.99970602,-0.361935
test00209,407358.782,7400130.195,56,South,-23.506375672,152.092626299,0.99970601,-0.361933
test00210,407359.208,7400130.239,56,South,-23.506375299,152.092630473,0.99970601,-0.361931
test00211,407359.634,7400130.231,56,South,-23.506375396,152.092634645,0.99970601,-0.361930
test00212,407360.063,7400130.26,56,South,-23.506375158,152.092638848,0.99970601,-0.361928
test00213,407360.453,7400130.219,56,South,-23.506375551,152.092642665,0.99970601,-0.361926
test00214,407360.822,7400130.18,56,South,-23.506375924,152.092646276,0.99970601,-0.361925
test00215,407361.249,7400130.207,56,South,-23.506375705,152.092650460,0.99970601,-0.361923
test00216,407361.65,7400130.16,56,South,-23.506376152,152.092654384,0.99970601,-0.361922
test00217,407361.974,7400130.072,56,South,-23.506376965,152.092657552,0.99970601,-0.361920
test00218,407362.312,7400130.05,56,South,-23.506377183,152.092660861,0.99970601,-0.361919
test00219,407362.653,7400129.909,56,South,-23.506378476,152.092664192,0.99970601,-0.361918
test00220,407362.971,7400129.801,56,South,-23.506379470,152.092667299,0.999706,-0.361917
test00221,407363.22,7400129.646,56,South,-23.506380884,152.092669728,0.999706,-0.361916
test00222,407363.399,7400129.267,56,South,-23.506384317,152.092671458,0.999706,-0.361915
test00223,407363.441,7400128.933,56,South,-23.506387336,152.092671849,0.999706,-0.361915
test00224,407363.49,7400128.5,56,South,-23.506391250,152.092672302,0.999706,-0.361915
test00225,407363.38,7400128.269,56,South,-23.506393330,152.092671210,0.999706,-0.361915
test00226,407363.05,7400128.007,56,South,-23.506395677,152.092667962,0.999706,-0.361917
test00227,407362.729,7400127.773,56,South,-23.506397772,152.092664804,0.99970601,-0.361918
test00228,407362.479,7400127.67,56,South,-23.506398688,152.092662349,0.99970601,-0.361919
test00229,407362.231,7400127.472,56,South,-23.506400462,152.092659908,0.99970601,-0.361920
test00230,407362.031,7400127.311,56,South,-23.506401905,152.092657939,0.99970601,-0.361921
test00231,407361.772,7400127.344,56,South,-23.506401592,152.092655405,0.99970601,-0.361922
test00232,407361.426,7400127.2,56,South,-23.506402873,152.092652007,0.99970601,-0.361923
test00233,407361.159,7400126.952,56,South,-23.506405098,152.092649377,0.99970601,-0.361924
test00234,407360.9,7400126.93,56,South,-23.506405282,152.092646839,0.99970601,-0.361925
test00235,407360.579,7400126.807,56,South,-23.506406374,152.092643688,0.99970601,-0.361926
test00236,407360.283,7400126.674,56,South,-23.506407559,152.092640781,0.99970601,-0.361928
test00237,407359.961,7400126.566,56,South,-23.506408516,152.092637621,0.99970601,-0.361929
test00238,407359.613,7400126.525,56,South,-23.506408866,152.092634210,0.99970601,-0.361930
test00239,407359.292,7400126.326,56,South,-23.506410645,152.092631054,0.99970601,-0.361932
test00240,407358.884,7400126.149,56,South,-23.506412220,152.092627047,0.99970601,-0.361933
test00241,407358.531,7400126.02,56,South,-23.506413365,152.092623582,0.99970601,-0.361935
test00242,407358.259,7400125.826,56,South,-23.506415102,152.092620906,0.99970602,-0.361936
test00243,407357.976,7400125.8,56,South,-23.506415321,152.092618133,0.99970602,-0.361937
test00244,407357.707,7400125.77,56,South,-23.506415576,152.092615497,0.99970602,-0.361938
test00245,407357.438,7400125.686,56,South,-23.506416320,152.092612857,0.99970602,-0.361939
test00246,407357.134,7400125.466,56,South,-23.506418289,152.092609866,0.99970602,-0.361940
test00247,407356.789,7400125.399,56,South,-23.506418875,152.092606483,0.99970602,-0.361941
test00248,407356.482,7400125.292,56,South,-23.506419824,152.092603470,0.99970602,-0.361943
test00249,407356.248,7400125.175,56,South,-23.506420867,152.092601171,0.99970602,-0.361944
test00250,407355.963,7400125.105,56,South,-23.506421483,152.092598376,0.99970602,-0.361945
test00251,407355.669,7400125.026,56,South,-23.506422180,152.092595491,0.99970602,-0.361946
test00252,407355.401,7400124.827,56,South,-23.506423962,152.092592854,0.99970602,-0.361947
test00253,407355.039,7400124.773,56,South,-23.506424429,152.092589306,0.99970602,-0.361948
test00254,407354.778,7400124.713,56,South,-23.506424956,152.092586746,0.99970602,-0.361949
test00255,407354.432,7400124.483,56,South,-23.506427013,152.092583343,0.99970602,-0.361951
test00256,407354.15,7400124.495,56,South,-23.506426889,152.092580582,0.99970602,-0.361952
test00257,407353.88,7400124.36,56,South,-23.506428093,152.092577930,0.99970603,-0.361953
test00258,407353.6,7400124.224,56,South,-23.506429305,152.092575179,0.99970603,-0.361954
test00259,407353.21,7400124.201,56,South,-23.506429490,152.092571358,0.99970603,-0.361956
test00260,407352.809,7400124.047,56,South,-23.506430858,152.092567421,0.99970603,-0.361957
test00261,407352.564,7400123.965,56,South,-23.506431585,152.092565017,0.99970603,-0.361958
test00262,407352.104,7400123.967,56,South,-23.506431541,152.092560512,0.99970603,-0.361960
test00263,407351.839,7400123.91,56,South,-23.506432040,152.092557913,0.99970603,-0.361961
test00264,407351.454,7400123.955,56,South,-23.506431612,152.092554145,0.99970603,-0.361962
test00265,407351.202,7400123.93,56,South,-23.506431824,152.092551676,0.99970603,-0.361963
test00266,407350.91,7400123.824,56,South,-23.506432764,152.092548810,0.99970603,-0.361965
test00267,407350.548,7400123.755,56,South,-23.506433367,152.092545260,0.99970603,-0.361966
test00268,407350.233,7400123.72,56,South,-23.506433665,152.092542173,0.99970603,-0.361967
test00269,407349.971,7400123.573,56,South,-23.506434978,152.092539598,0.99970603,-0.361968
test00270,407349.601,7400123.476,56,South,-23.506435833,152.092535968,0.99970604,-0.361970
test00271,407349.357,7400123.4,56,South,-23.506436505,152.092533574,0.99970604,-0.361971
test00272,407349.112,7400123.323,56,South,-23.506437187,152.092531170,0.99970604,-0.361972
test00273,407348.787,7400123.31,56,South,-23.506437285,152.092527986,0.99970604,-0.361973
test00274,407348.368,7400123.214,56,South,-23.506438129,152.092523877,0.99970604,-0.361975
test00275,407347.956,7400123.086,56,South,-23.506439261,152.092519834,0.99970604,-0.361976
test00276,407347.506,7400123.025,56,South,-23.506439786,152.092515423,0.99970604,-0.361978
test00277,407347.229,7400123.001,56,South,-23.506439987,152.092512709,0.99970604,-0.361979
test00278,407346.928,7400122.952,56,South,-23.506440413,152.092509758,0.99970604,-0.361980
test00279,407346.607,7400122.897,56,South,-23.506440891,152.092506611,0.99970604,-0.361982
test00280,407346.196,7400122.804,56,South,-23.506441708,152.092502580,0.99970604,-0.361983
test00281,407345.904,7400122.686,56,South,-23.506442757,152.092499713,0.99970604,-0.361984
test00282,407345.614,7400122.5,56,South,-23.506444420,152.092496861,0.99970604,-0.361986
test00283,407345.347,7400122.333,56,South,-23.506445913,152.092494236,0.99970604,-0.361987
test00284,407345.079,7400122.07,56,South,-23.506448273,152.092491595,0.99970605,-0.361988
test00285,407345.003,7400121.755,56,South,-23.506451114,152.092490831,0.99970605,-0.361988
test00286,407344.973,7400121.484,56,South,-23.506453560,152.092490521,0.99970605,-0.361988
test00287,407344.84,7400121.15,56,South,-23.506456569,152.092489197,0.99970605,-0.361989
test00288,407344.934,7400120.853,56,South,-23.506459256,152.092490100,0.99970605,-0.361988
test00289,407344.921,7400120.601,56,South,-23.506461532,152.092489957,0.99970605,-0.361989
test00290,407344.999,7400120.337,56,South,-23.506463921,152.092490704,0.99970605,-0.361988
test00291,407345.252,7400120.083,56,South,-23.506466229,152.092493166,0.99970605,-0.361987
test00292,407345.477,7400119.856,56,South,-23.506468292,152.092495356,0.99970604,-0.361986
test00293,407345.741,7400119.57,56,South,-23.506470890,152.092497924,0.99970604,-0.361985
test00294,407346.087,7400119.393,56,South,-23.506472509,152.092501301,0.99970604,-0.361984
test00295,407346.43,7400119.237,56,South,-23.506473937,152.092504651,0.99970604,-0.361983
test00296,407346.8,7400119.026,56,South,-23.506475864,152.092508261,0.99970604,-0.361981
test00297,407347.334,7400118.933,56,South,-23.506476734,152.092513485,0.99970604,-0.361979
test00298,407347.617,7400118.784,56,South,-23.506478096,152.092516248,0.99970604,-0.361978
test00299,407347.968,7400118.637,56,South,-23.506479444,152.092519676,0.99970604,-0.361977
test00300,407348.302,7400118.569,56,South,-23.506480077,152.092522943,0.99970604,-0.361976
test00301,407348.583,7400118.535,56,South,-23.506480400,152.092525693,0.99970604,-0.361975
test00302,407348.88,7400118.457,56,South,-23.506481122,152.092528597,0.99970604,-0.361973
test00303,407349.238,7400118.324,56,South,-23.506482343,152.092532094,0.99970604,-0.361972
test00304,407349.594,7400118.333,56,South,-23.506482282,152.092535582,0.99970604,-0.361971
test00305,407349.84,7400118.221,56,South,-23.506483308,152.092537984,0.99970603,-0.361970
test00306,407350.29,7400118.173,56,South,-23.506483767,152.092542388,0.99970603,-0.361968
test00307,407350.611,7400118.189,56,South,-23.506483641,152.092545533,0.99970603,-0.361967
test00308,407350.926,7400118.1,56,South,-23.506484463,152.092548612,0.99970603,-0.361965
test00309,407351.221,7400118.072,56,South,-23.506484732,152.092551499,0.99970603,-0.361964
test00310,407351.524,7400118.08,56,South,-23.506484677,152.092554467,0.99970603,-0.361963
test00311,407351.802,7400117.972,56,South,-23.506485669,152.092557183,0.99970603,-0.361962
test00312,407352.102,7400117.884,56,South,-23.506486481,152.092560116,0.99970603,-0.361961
test00313,407352.359,7400117.753,56,South,-23.506487679,152.092562625,0.99970603,-0.361960
test00314,407352.654,7400117.589,56,South,-23.506489177,152.092565504,0.99970603,-0.361959
test00315,407352.9,7400117.241,56,South,-23.506492334,152.092567891,0.99970603,-0.361958
test00316,407353.224,7400117.154,56,South,-23.506493138,152.092571059,0.99970603,-0.361957
test00317,407353.473,7400117.102,56,South,-23.506493622,152.092573495,0.99970603,-0.361956
test00318,407353.738,7400117.063,56,South,-23.506493989,152.092576087,0.99970603,-0.361955
test00319,407354.09,7400116.851,56,South,-23.506495924,152.092579522,0.99970602,-0.361953
test00320,407354.387,7400116.816,56,South,-23.506496257,152.092582428,0.99970602,-0.361952
test00321,407354.758,7400116.833,56,South,-23.506496125,152.092586063,0.99970602,-0.361951
test00322,407355.088,7400116.696,56,South,-23.506497381,152.092589286,0.99970602,-0.361949
test00323,407355.46,7400116.67,56,South,-23.506497637,152.092592928,0.99970602,-0.361948
test00324,407355.758,7400116.593,56,South,-23.506498349,152.092595841,0.99970602,-0.361947
test00325,407355.989,7400116.494,56,South,-23.506499257,152.092598098,0.99970602,-0.361946
test00326,407356.39,7400116.406,56,South,-23.506500074,152.092602019,0.99970602,-0.361944
test00327,407356.82,7400116.297,56,South,-23.506501083,152.092606224,0.99970602,-0.361943
test00328,407357.05,7400116.167,56,South,-23.506502270,152.092608468,0.99970602,-0.361942
test00329,407357.321,7400116.059,56,South,-23.506503261,152.092611116,0.99970602,-0.361941
test00330,407357.607,7400116.001,56,South,-23.506503802,152.092613913,0.99970602,-0.361940
test00331,407357.901,7400115.966,56,South,-23.506504134,152.092616790,0.99970602,-0.361939
test00332,407358.338,7400115.834,56,South,-23.506505352,152.092621062,0.99970602,-0.361937
test00333,407358.708,7400115.8,56,South,-23.506505680,152.092624683,0.99970601,-0.361935
test00334,407359.063,7400115.703,56,South,-23.506506576,152.092628154,0.99970601,-0.361934
test00335,407359.499,7400115.491,56,South,-23.506508516,152.092632411,0.99970601,-0.361932
test00336,407359.737,7400115.389,56,South,-23.506509450,152.092634735,0.99970601,-0.361931
test00337,407360.137,7400115.176,56,South,-23.506511397,152.092638640,0.99970601,-0.361930
test00338,407360.372,7400115.069,56,South,-23.506512377,152.092640934,0.99970601,-0.361929
test00339,407360.787,7400114.946,56,South,-23.506513511,152.092644991,0.99970601,-0.361927
test00340,407361.266,7400114.749,56,South,-23.506515318,152.092649670,0.99970601,-0.361926
test00341,407361.52,7400114.6,56,South,-23.506516678,152.092652148,0.99970601,-0.361925
test00342,407361.877,7400114.511,56,South,-23.506517502,152.092655639,0.99970601,-0.361923
test00343,407362.179,7400114.412,56,South,-23.506518414,152.092658591,0.99970601,-0.361922
test00344,407362.434,7400114.224,56,South,-23.506520126,152.092661076,0.99970601,-0.361921
test00345,407362.748,7400114.086,56,South,-23.506521391,152.092664143,0.99970601,-0.361920
test00346,407362.638,7400113.674,56,South,-23.506525105,152.092663040,0.99970601,-0.361920
test00347,407362.54,7400113.355,56,South,-23.506527981,152.092662061,0.99970601,-0.361921
test00348,407362.457,7400112.94,56,South,-23.506531724,152.092661222,0.99970601,-0.361921
test00349,407362.16,7400112.74,56,South,-23.506533514,152.092658301,0.99970601,-0.361922
test00350,407361.84,7400112.573,56,South,-23.506535004,152.092655157,0.99970601,-0.361924
test00351,407361.612,7400112.29,56,South,-23.506537547,152.092652907,0.99970601,-0.361925
test00352,407361.439,7400112.099,56,South,-23.506539262,152.092651200,0.99970601,-0.361925
test00353,407361.231,7400111.9,56,South,-23.506541047,152.092649151,0.99970601,-0.361926
test00354,407361.061,7400111.716,56,South,-23.506542700,152.092647475,0.99970601,-0.361927
test00355,407360.65,7400111.5,56,South,-23.506544627,152.092643436,0.99970601,-0.361929
test00356,407360.33,7400111.254,56,South,-23.506546830,152.092640287,0.99970601,-0.361930
test00357,407359.944,7400111.141,56,South,-23.506547829,152.092636500,0.99970601,-0.361931
test00358,407359.647,7400110.982,56,South,-23.506549248,152.092633581,0.99970601,-0.361933
test00359,407359.378,7400110.763,56,South,-23.506551211,152.092630933,0.99970601,-0.361934
test00360,407359.1,7400110.612,56,South,-23.506552559,152.092628201,0.99970601,-0.361935
test00361,407358.742,7400110.501,56,South,-23.506553541,152.092624688,0.99970601,-0.361936
test00362,407358.4,7400110.277,56,South,-23.506555544,152.092621325,0.99970602,-0.361937
test00363,407358.071,7400110.106,56,South,-23.506557070,152.092618092,0.99970602,-0.361939
test00364,407357.746,7400109.923,56,South,-23.506558704,152.092614898,0.99970602,-0.361940
test00365,407357.42,7400109.856,56,South,-23.506559291,152.092611701,0.99970602,-0.361941
test00366,407357.15,7400109.63,56,South,-23.506561317,152.092609043,0.99970602,-0.361942
test00367,407356.749,7400109.409,56,South,-23.506563290,152.092605102,0.99970602,-0.361944
test00368,407356.43,7400109.261,56,South,-23.506564608,152.092601969,0.99970602,-0.361945
test00369,407356.23,7400109.07,56,South,-23.506566322,152.092599998,0.99970602,-0.361946
test00370,407355.77,7400108.899,56,South,-23.506567840,152.092595483,0.99970602,-0.361948
test00371,407355.531,7400108.816,56,South,-23.506568576,152.092593137,0.99970602,-0.361949
test00372,407355.23,7400108.69,56,South,-23.506569697,152.092590181,0.99970602,-0.361950
test00373,407354.941,7400108.557,56,South,-23.506570882,152.092587343,0.99970602,-0.361951
test00374,407354.644,7400108.423,56,South,-23.506572075,152.092584426,0.99970602,-0.361952
test00375,407354.462,7400108.24,56,South,-23.506573717,152.092582632,0.99970602,-0.361953
test00376,407354.319,7400107.936,56,South,-23.506576455,152.092581213,0.99970602,-0.361954
test00377,407353.977,7400107.859,56,South,-23.506577131,152.092577859,0.99970603,-0.361955
test00378,407353.65,7400107.823,56,South,-23.506577437,152.092574654,0.99970603,-0.361956
test00379,407353.416,7400107.675,56,South,-23.506578761,152.092572353,0.99970603,-0.361957
test00380,407353.384,7400107.384,56,South,-23.506581387,152.092572022,0.99970603,-0.361958
test00381,407353.103,7400107.351,56,South,-23.506581669,152.092569268,0.99970603,-0.361959
test00382,407352.798,7400107.33,56,South,-23.506581841,152.092566279,0.99970603,-0.361960
test00383,407352.533,7400107.297,56,South,-23.506582124,152.092563682,0.99970603,-0.361961
test00384,407352.297,7400107.523,56,South,-23.506580070,152.092561385,0.99970603,-0.361962
test00385,407351.999,7400107.584,56,South,-23.506579502,152.092558470,0.99970603,-0.361963
test00386,407351.729,7400107.489,56,South,-23.506580344,152.092555820,0.99970603,-0.361964
test00387,407351.301,7400107.63,56,South,-23.506579046,152.092551637,0.99970603,-0.361966
test00388,407350.984,7400107.643,56,South,-23.506578911,152.092548533,0.99970603,-0.361967
test00389,407350.749,7400107.33,56,South,-23.506581724,152.092546212,0.99970603,-0.361968
test00390,407350.46,7400107.165,56,South,-23.506583198,152.092543372,0.99970603,-0.361969
test00391,407350.222,7400107.0,56,South,-23.506584675,152.092541031,0.99970603,-0.361970
test00392,407350.199,7400106.595,56,South,-23.506588331,152.092540780,0.99970603,-0.361970
test00393,407350.202,7400106.21,56,South,-23.506591809,152.092540786,0.99970603,-0.361970
test00394,407350.179,7400105.812,56,South,-23.506595402,152.092540536,0.99970603,-0.361970
test00395,407350.383,7400105.529,56,South,-23.506597970,152.092542516,0.99970603,-0.361970
test00396,407350.538,7400105.232,56,South,-23.506600661,152.092544016,0.99970603,-0.361969
test00397,407350.718,7400104.909,56,South,-23.506603588,152.092545759,0.99970603,-0.361968
test00398,407350.907,7400104.697,56,South,-23.506605514,152.092547597,0.99970603,-0.361968
test00399,407351.012,7400104.445,56,South,-23.506607796,152.092548610,0.99970603,-0.361967
test00400,407351.132,7400104.125,56,South,-23.506610693,152.092549765,0.99970603,-0.361967
test00401,407351.308,7400103.946,56,South,-23.506612320,152.092551478,0.99970603,-0.361966
test00402,407351.591,7400103.776,56,South,-23.506613871,152.092554239,0.99970603,-0.361965
test00403,407351.867,7400103.754,56,South,-23.506614086,152.092556940,0.99970603,-0.361964
test00404,407352.17,7400103.656,56,South,-23.506614988,152.092559902,0.99970603,-0.361963
test00405,407352.442,7400103.594,56,South,-23.506615563,152.092562562,0.99970603,-0.361962
test00406,407352.663,7400103.466,56,South,-23.506616732,152.092564718,0.99970603,-0.361961
test00407,407352.974,7400103.356,56,South,-23.506617743,152.092567757,0.99970603,-0.361960
test00408,407353.241,7400103.247,56,South,-23.506618743,152.092570365,0.99970603,-0.361959
test00409,407353.519,7400103.114,56,South,-23.506619960,152.092573080,0.99970603,-0.361958
test00410,407353.837,7400103.039,56,South,-23.506620656,152.092576189,0.99970603,-0.361956
test00411,407354.099,7400102.965,56,South,-23.506621339,152.092578751,0.99970602,-0.361955
test00412,407354.388,7400103.03,56,South,-23.506620768,152.092581585,0.99970602,-0.361954
test00413,407354.753,7400103.055,56,South,-23.506620563,152.092585161,0.99970602,-0.361953
test00414,407355.079,7400103.033,56,South,-23.506620781,152.092588353,0.99970602,-0.361952
test00415,407355.449,7400103.032,56,South,-23.506620811,152.092591976,0.99970602,-0.361950
test00416,407355.881,7400102.931,56,South,-23.506621748,152.092596201,0.99970602,-0.361948
test00417,407356.27,7400102.823,56,South,-23.506622745,152.092600004,0.99970602,-0.361947
test00418,407356.589,7400102.796,56,South,-23.506623007,152.092603126,0.99970602,-0.361946
test00419,407356.932,7400102.697,56,South,-23.506623921,152.092606479,0.99970602,-0.361944
test00420,407357.206,7400102.655,56,South,-23.506624316,152.092609160,0.99970602,-0.361943
test00421,407357.514,7400102.581,56,South,-23.506625002,152.092612172,0.99970602,-0.361942
test00422,407357.796,7400102.466,56,South,-23.506626057,152.092614927,0.99970602,-0.361941
test00423,407358.162,7400102.476,56,South,-23.506625987,152.092618512,0.99970602,-0.361940
test00424,407358.478,7400102.403,56,South,-23.506626665,152.092621602,0.99970601,-0.361938
test00425,407358.869,7400102.294,56,South,-23.506627671,152.092625424,0.99970601,-0.361937
test00426,407359.312,7400102.175,56,South,-23.506628771,152.092629756,0.99970601,-0.361935
test00427,407359.594,7400102.041,56,South,-23.506629998,152.092632509,0.99970601,-0.361934
test00428,407359.86,7400101.95,56,South,-23.506630835,152.092635109,0.99970601,-0.361933
test00429,407360.1,7400101.807,56,South,-23.506632140,152.092637450,0.99970601,-0.361932
test00430,407360.252,7400101.554,56,South,-23.506634434,152.092638923,0.99970601,-0.361932
test00431,407360.376,7400101.319,56,South,-23.506636563,152.092640123,0.99970601,-0.361931
test00432,407360.462,7400101.046,56,South,-23.506639034,152.092640948,0.99970601,-0.361931
test00433,407360.252,7400100.739,56,South,-23.506641795,152.092638873,0.99970601,-0.361932
test00434,407360.054,7400100.574,56,South,-23.506643274,152.092636923,0.99970601,-0.361933
test00435,407359.762,7400100.362,56,South,-23.506645172,152.092634051,0.99970601,-0.361934
test00436,407359.534,7400100.19,56,South,-23.506646712,152.092631807,0.99970601,-0.361935
test00437,407359.319,7400100.056,56,South,-23.506647910,152.092629693,0.99970601,-0.361935
test00438,407358.993,7400099.904,56,South,-23.506649264,152.092626491,0.99970601,-0.361937
test00439,407358.518,7400099.889,56,South,-23.506649373,152.092621838,0.99970601,-0.361939
test00440,407358.263,7400099.741,56,South,-23.506650695,152.092619332,0.99970602,-0.361940
test00441,407358.141,7400099.52,56,South,-23.506652684,152.092618123,0.99970602,-0.361940
test00442,407357.863,7400099.38,56,South,-23.506653932,152.092615392,0.99970602,-0.361941
test00443,407357.592,7400099.156,56,South,-23.506655940,152.092612724,0.99970602,-0.361942
test00444,407357.389,7400098.937,56,South,-23.506657906,152.092610722,0.99970602,-0.361943
test00445,407357.069,7400098.805,56,South,-23.506659080,152.092607580,0.99970602,-0.361944
test00446,407356.726,7400098.64,56,South,-23.506660551,152.092604211,0.99970602,-0.361946
test00447,407356.402,7400098.4,56,South,-23.506662700,152.092601023,0.99970602,-0.361947
test00448,407356.021,7400098.243,56,South,-23.506664096,152.092597282,0.99970602,-0.361949
test00449,407355.657,7400098.133,56,South,-23.506665069,152.092593710,0.99970602,-0.361950
test00450,407355.306,7400097.894,56,South,-23.506667208,152.092590258,0.99970602,-0.361952
test00451,407355.106,7400097.74,56,South,-23.506668587,152.092588289,0.99970602,-0.361952
test00452,407354.664,7400097.57,56,South,-23.506670097,152.092583950,0.99970602,-0.361954
test00453,407354.431,7400097.309,56,South,-23.506672441,152.092581652,0.99970602,-0.361955
test00454,407354.17,7400097.192,56,South,-23.506673483,152.092579089,0.99970602,-0.361956
test00455,407353.877,7400097.111,56,South,-23.506674198,152.092576214,0.99970603,-0.361957
test00456,407353.53,7400096.862,56,South,-23.506676427,152.092572801,0.99970603,-0.361959
test00457,407353.348,7400096.685,56,South,-23.506678015,152.092571007,0.99970603,-0.361959
test00458,407352.969,7400096.481,56,South,-23.506679836,152.092567283,0.99970603,-0.361961
test00459,407352.822,7400096.172,56,South,-23.506682619,152.092565824,0.99970603,-0.361961
test00460,407352.614,7400096.0,56,South,-23.506684160,152.092563776,0.99970603,-0.361962
test00461,407352.349,7400095.774,56,South,-23.506686186,152.092561167,0.99970603,-0.361963
test00462,407352.12,7400095.454,56,South,-23.506689063,152.092558904,0.99970603,-0.361964
test00463,407351.88,7400095.124,56,South,-23.506692030,152.092556534,0.99970603,-0.361965
test00464,407351.641,7400095.0,56,South,-23.506693136,152.092554185,0.99970603,-0.361966
test00465,407351.393,7400094.752,56,South,-23.506695362,152.092551741,0.99970603,-0.361967
test00466,407351.2,7400094.444,56,South,-23.506698133,152.092549832,0.99970603,-0.361968
test00467,407350.933,7400094.243,56,South,-23.506699933,152.092547205,0.99970603,-0.361969
test00468,407350.683,7400094.03,56,South,-23.506701843,152.092544743,0.99970603,-0.361970
test00469,407350.527,7400093.807,56,South,-23.506703848,152.092543201,0.99970603,-0.361971
test00470,407350.4,7400093.49,56,South,-23.506706704,152.092541938,0.99970603,-0.361971
test00471,407350.28,7400093.234,56,South,-23.506709009,152.092540747,0.99970603,-0.361972
test00472,407350.128,7400092.972,56,South,-23.506711366,152.092539242,0.99970603,-0.361972
test00473,407350.082,7400092.711,56,South,-23.506713721,152.092538776,0.99970603,-0.361973
test00474,407349.9,7400092.474,56,South,-23.506715851,152.092536978,0.99970603,-0.361973
test00475,407349.689,7400092.246,56,South,-23.506717898,152.092534898,0.99970603,-0.361974
test00476,407349.521,7400091.869,56,South,-23.506721294,152.092533229,0.99970604,-0.361975
test00477,407349.357,7400091.54,56,South,-23.506724256,152.092531603,0.99970604,-0.361976
test00478,407349.226,7400091.192,56,South,-23.506727391,152.092530298,0.99970604,-0.361976
test00479,407349.257,7400090.904,56,South,-23.506729994,152.092530584,0.99970604,-0.361976
test00480,407349.364,7400090.572,56,South,-23.506732999,152.092531611,0.99970604,-0.361976
test00481,407349.367,7400090.229,56,South,-23.506736097,152.092531620,0.99970604,-0.361976
test00482,407349.603,7400090.035,56,South,-23.506737863,152.092533919,0.99970604,-0.361975
test00483,407349.799,7400089.82,56,South,-23.506739816,152.092535825,0.99970603,-0.361974
test00484,407349.886,7400089.55,56,South,-23.506742259,152.092536660,0.99970603,-0.361974
test00485,407350.2,7400089.386,56,South,-23.506743758,152.092539725,0.99970603,-0.361973
test00486,407350.419,7400089.245,56,South,-23.506745044,152.092541861,0.99970603,-0.361972
test00487,407350.646,7400088.95,56,South,-23.506747722,152.092544066,0.99970603,-0.361971
test00488,407350.907,7400088.813,56,South,-23.506748974,152.092546614,0.99970603,-0.361970
test00489,407351.187,7400088.593,56,South,-23.506750977,152.092549343,0.99970603,-0.361969
test00490,407351.403,7400088.344,56,South,-23.506753238,152.092551443,0.99970603,-0.361968
test00491,407351.7,7400088.309,56,South,-23.506753571,152.092554349,0.99970603,-0.361967
test00492,407351.92,7400088.314,56,South,-23.506753538,152.092556504,0.99970603,-0.361966
test00493,407352.146,7400088.165,56,South,-23.506754897,152.092558708,0.99970603,-0.361965
test00494,407352.479,7400088.097,56,South,-23.506755530,152.092561965,0.99970603,-0.361964
test00495,407352.734,7400087.977,56,South,-23.506756629,152.092564455,0.99970603,-0.361963
test00496,407353.016,7400087.869,56,South,-23.506757620,152.092567210,0.99970603,-0.361962
test00497,407353.347,7400087.816,56,South,-23.506758118,152.092570449,0.99970603,-0.361961
test00498,407353.65,7400087.666,56,South,-23.506759490,152.092573407,0.99970603,-0.361960
test00499,407353.918,7400087.512,56,South,-23.506760896,152.092576022,0.99970603,-0.361959
test00500,407354.226,7400087.371,56,South,-23.506762187,152.092579030,0.99970602,-0.361957
test00501,407354.466,7400087.186,56,South,-23.506763872,152.092581369,0.99970602,-0.361956
test00502,407354.633,7400086.954,56,South,-23.506765976,152.092582990,0.99970602,-0.361956
test00503,407354.828,7400086.656,56,South,-23.506768679,152.092584881,0.99970602,-0.361955
test00504,407355.039,7400086.435,56,South,-23.506770687,152.092586934,0.99970602,-0.361954
test00505,407355.32,7400086.502,56,South,-23.506770098,152.092589690,0.99970602,-0.361953
test00506,407355.592,7400086.48,56,South,-23.506770312,152.092592353,0.99970602,-0.361952
test00507,407355.958,7400086.356,56,South,-23.506771453,152.092595929,0.99970602,-0.361951
test00508,407356.346,7400086.372,56,South,-23.506771331,152.092599730,0.99970602,-0.361949
test00509,407356.649,7400086.351,56,South,-23.506771538,152.092602696,0.99970602,-0.361948
test00510,407356.963,7400086.271,56,South,-23.506772278,152.092605767,0.99970602,-0.361947
test00511,407357.254,7400086.239,56,South,-23.506772584,152.092608615,0.99970602,-0.361946
test00512,407357.53,7400086.146,56,South,-23.506773439,152.092611312,0.99970602,-0.361945
test00513,407357.883,7400085.996,56,South,-23.506774814,152.092614760,0.99970602,-0.361943
test00514,407358.202,7400085.99,56,South,-23.506774887,152.092617883,0.99970602,-0.361942
test00515,407358.533,7400085.97,56,South,-23.506775086,152.092621124,0.99970601,-0.361941
test00516,407358.894,7400085.912,56,South,-23.506775631,152.092624656,0.99970601,-0.361939
test00517,407359.237,7400085.829,56,South,-23.506776400,152.092628010,0.99970601,-0.361938
test00518,407359.48,7400085.68,56,South,-23.506777759,152.092630380,0.99970601,-0.361937
test00519,407359.706,7400085.471,56,South,-23.506779660,152.092632581,0.99970601,-0.361936
test00520,407359.947,7400085.249,56,South,-23.506781679,152.092634927,0.99970601,-0.361935
test00521,407360.072,7400084.969,56,South,-23.506784215,152.092636134,0.99970601,-0.361935
test00522,407360.167,7400084.72,56,South,-23.506786469,152.092637049,0.99970601,-0.361935
test00523,407360.276,7400084.393,56,South,-23.506789429,152.092638096,0.99970601,-0.361934
test00524,407360.298,7400084.096,56,South,-23.506792112,152.092638294,0.99970601,-0.361934
test00525,407360.09,7400083.812,56,South,-23.506794665,152.092636239,0.99970601,-0.361935
test00526,407359.972,7400083.453,56,South,-23.506797901,152.092635061,0.99970601,-0.361936
test00527,407359.814,7400083.175,56,South,-23.506800403,152.092633497,0.99970601,-0.361936
test00528,407359.543,7400082.872,56,South,-23.506803124,152.092630824,0.99970601,-0.361937
test00529,407359.292,7400082.542,56,South,-23.506806090,152.092628345,0.99970601,-0.361938
test00530,407358.989,7400082.332,56,South,-23.506807970,152.092625365,0.99970601,-0.361940
test00531,407358.554,7400082.17,56,South,-23.506809408,152.092621094,0.99970601,-0.361941
test00532,407358.15,7400081.941,56,South,-23.506811453,152.092617124,0.99970602,-0.361943
test00533,407357.752,7400081.702,56,South,-23.506813589,152.092613211,0.99970602,-0.361944
test00534,407357.317,7400081.515,56,South,-23.506815253,152.092608939,0.99970602,-0.361946
test00535,407356.93,7400081.277,56,South,-23.506817381,152.092605134,0.99970602,-0.361948
test00536,407356.638,7400081.132,56,South,-23.506818674,152.092602266,0.99970602,-0.361949
test00537,407356.364,7400080.933,56,South,-23.506820455,152.092599570,0.99970602,-0.361950
test00538,407356.094,7400080.784,56,South,-23.506821786,152.092596916,0.99970602,-0.361951
test00539,407355.789,7400080.639,56,South,-23.506823078,152.092593920,0.99970602,-0.361952
test00540,407355.43,7400080.566,56,South,-23.506823717,152.092590400,0.99970602,-0.361954
test00541,407355.126,7400080.595,56,South,-23.506823437,152.092587425,0.99970602,-0.361955
test00542,407354.9,7400080.549,56,South,-23.506823840,152.092585208,0.99970602,-0.361956
test00543,407354.649,7400080.3,56,South,-23.506826074,152.092582735,0.99970602,-0.361957
test00544,407354.337,7400080.125,56,South,-23.506827637,152.092579668,0.99970602,-0.361958
test00545,407354.121,7400079.91,56,South,-23.506829567,152.092577540,0.99970602,-0.361959
test00546,407353.849,7400079.737,56,South,-23.506831114,152.092574865,0.99970603,-0.361960
test00547,407353.588,7400079.777,56,South,-23.506830737,152.092572311,0.99970603,-0.361961
test00548,407353.327,7400079.684,56,South,-23.506831563,152.092569750,0.99970603,-0.361962
test00549,407352.982,7400079.472,56,South,-23.506833458,152.092566358,0.99970603,-0.361963
test00550,407352.748,7400079.364,56,South,-23.506834420,152.092564059,0.99970603,-0.361964
test00551,407352.42,7400079.354,56,South,-23.506834491,152.092560846,0.99970603,-0.361966
test00552,407352.09,7400079.247,56,South,-23.506835439,152.092557608,0.99970603,-0.361967
test00553,407351.829,7400079.15,56,South,-23.506836300,152.092555046,0.99970603,-0.361968
test00554,407351.577,7400079.026,56,South,-23.506837406,152.092552570,0.99970603,-0.361969
test00555,407351.23,7400078.762,56,South,-23.506839770,152.092549155,0.99970603,-0.361970
test00556,407350.908,7400078.542,56,South,-23.506841739,152.092545988,0.99970603,-0.361972
test00557,407350.66,7400078.447,56,South,-23.506842583,152.092543554,0.99970603,-0.361973
test00558,407350.471,7400078.281,56,South,-23.506844071,152.092541692,0.99970603,-0.361973
test00559,407350.153,7400078.127,56,South,-23.506845444,152.092538568,0.99970603,-0.361975
test00560,407349.9,7400077.951,56,South,-23.506847019,152.092536080,0.99970603,-0.361976
test00561,407349.893,7400077.645,56,South,-23.506849782,152.092535992,0.99970603,-0.361976
test00562,407349.899,7400077.371,56,South,-23.506852257,152.092536034,0.99970603,-0.361976
test00563,407349.95,7400077.026,56,South,-23.506855376,152.092536512,0.99970603,-0.361976
test00564,407350.121,7400076.75,56,South,-23.506857879,152.092538170,0.99970603,-0.361975
test00565,407350.296,7400076.529,56,South,-23.506859885,152.092539870,0.99970603,-0.361974
test00566,407350.526,7400076.371,56,South,-23.506861325,152.092542113,0.99970603,-0.361974
test00567,407350.797,7400076.235,56,South,-23.506862569,152.092544758,0.99970603,-0.361972
test00568,407351.053,7400076.056,56,South,-23.506864200,152.092547255,0.99970603,-0.361972
test00569,407351.368,7400075.94,56,South,-23.506865266,152.092550332,0.99970603,-0.361970
test00570,407351.713,7400075.96,56,South,-23.506865105,152.092553712,0.99970603,-0.361969
test00571,407351.986,7400075.865,56,South,-23.506865978,152.092556380,0.99970603,-0.361968
test00572,407352.328,7400075.795,56,South,-23.506866630,152.092559725,0.99970603,-0.361967
test00573,407352.661,7400075.633,56,South,-23.506868112,152.092562976,0.99970603,-0.361965
test00574,407352.929,7400075.473,56,South,-23.506869572,152.092565591,0.99970603,-0.361964
test00575,407353.22,7400075.51,56,South,-23.506869255,152.092568443,0.99970603,-0.361963
test00576,407353.52,7400075.344,56,South,-23.506870771,152.092571371,0.99970603,-0.361962
test00577,407353.877,7400075.372,56,South,-23.506870539,152.092574869,0.99970603,-0.361961
test00578,407354.136,7400075.353,56,South,-23.506870725,152.092577405,0.99970602,-0.361960
test00579,407354.4,7400075.277,56,South,-23.506871427,152.092579985,0.99970602,-0.361959
test00580,407354.74,7400075.262,56,South,-23.506871581,152.092583314,0.99970602,-0.361957
test00581,407355.017,7400075.183,56,South,-23.506872311,152.092586022,0.99970602,-0.361956
test00582,407355.41,7400075.186,56,South,-23.506872306,152.092589871,0.99970602,-0.361955
test00583,407355.726,7400075.11,56,South,-23.506873011,152.092592961,0.99970602,-0.361953
test00584,407355.883,7400074.907,56,South,-23.506874853,152.092594486,0.99970602,-0.361953
test00585,407356.23,7400074.88,56,South,-23.506875117,152.092597883,0.99970602,-0.361951
test00586,407356.561,7400074.742,56,South,-23.506876382,152.092601116,0.99970602,-0.361950
test00587,407356.91,7400074.594,56,South,-23.506877738,152.092604525,0.99970602,-0.361949
test00588,407357.33,7400074.495,56,South,-23.506878657,152.092608632,0.99970602,-0.361947
test00589,407357.627,7400074.319,56,South,-23.506880263,152.092611530,0.99970602,-0.361946
test00590,407357.969,7400074.19,56,South,-23.506881448,152.092614871,0.99970602,-0.361945
test00591,407358.358,7400074.085,56,South,-23.506882418,152.092618675,0.99970602,-0.361943
test00592,407358.778,7400073.873,56,South,-23.506884357,152.092622775,0.99970601,-0.361942
test00593,407359.189,7400073.715,56,South,-23.506885807,152.092626790,0.99970601,-0.361940
test00594,407359.578,7400073.529,56,South,-23.506887509,152.092630588,0.99970601,-0.361939
test00595,407359.909,7400073.332,56,South,-23.506889308,152.092633818,0.99970601,-0.361937
test00596,407360.362,7400073.087,56,South,-23.506891546,152.092638239,0.99970601,-0.361936
test00597,407360.6,7400072.906,56,South,-23.506893195,152.092640559,0.99970601,-0.361935
test00598,407360.824,7400072.75,56,South,-23.506894616,152.092642743,0.99970601,-0.361934
test00599,407361.014,7400072.47,56,South,-23.506897156,152.092644587,0.99970601,-0.361933
test00600,407361.277,7400072.276,56,South,-23.506898923,152.092647150,0.99970601,-0.361932
test00601,407361.4,7400071.964,56,South,-23.506901748,152.092648336,0.99970601,-0.361932
test00602,407361.303,7400071.623,56,South,-23.506904822,152.092647364,0.99970601,-0.361932
test00603,407361.016,7400071.324,56,South,-23.506907506,152.092644535,0.99970601,-0.361933
test00604,407360.65,7400071.019,56,South,-23.506910240,152.092640932,0.99970601,-0.361935
test00605,407360.427,7400070.761,56,South,-23.506912558,152.092638732,0.99970601,-0.361936
test00606,407360.23,7400070.48,56,South,-23.506915084,152.092636785,0.99970601,-0.361937
test00607,407359.774,7400070.26,56,South,-23.506917045,152.092632306,0.99970601,-0.361938
test00608,407359.362,7400070.06,56,South,-23.506918828,152.092628258,0.99970601,-0.361940
test00609,407358.987,7400069.833,56,South,-23.506920857,152.092624572,0.99970601,-0.361941
test00610,407358.56,7400069.632,56,South,-23.506922648,152.092620377,0.99970601,-0.361943
test00611,407358.161,7400069.465,56,South,-23.506924134,152.092616460,0.99970602,-0.361945
test00612,407357.866,7400069.3,56,South,-23.506925607,152.092613560,0.99970602,-0.361946
test00613,407357.573,7400069.18,56,South,-23.506926674,152.092610683,0.99970602,-0.361947
test00614,407357.299,7400069.059,56,South,-23.506927751,152.092607992,0.99970602,-0.361948
test00615,407357.09,7400068.871,56,South,-23.506929437,152.092605934,0.99970602,-0.361949
test00616,407356.889,7400068.702,56,South,-23.506930952,152.092603955,0.99970602,-0.361950
test00617,407356.663,7400068.559,56,South,-23.506932231,152.092601733,0.99970602,-0.361951
test00618,407356.399,7400068.299,56,South,-23.506934564,152.092599131,0.99970602,-0.361952
test00619,407356.106,7400068.127,56,South,-23.506936101,152.092596251,0.99970602,-0.361953
test00620,407355.84,7400067.826,56,South,-23.506938804,152.092593627,0.99970602,-0.361954
test00621,407355.681,7400067.617,56,South,-23.506940683,152.092592057,0.99970602,-0.361955
test00622,407355.284,7400067.576,56,South,-23.506941030,152.092588167,0.99970602,-0.361956
test00623,407354.907,7400067.526,56,South,-23.506941460,152.092584471,0.99970602,-0.361958
test00624,407354.749,7400067.317,56,South,-23.506943339,152.092582911,0.99970602,-0.361958
test00625,407354.583,7400067.084,56,South,-23.506945434,152.092581271,0.99970602,-0.361959
test00626,407354.134,7400066.93,56,South,-23.506946799,152.092576864,0.99970602,-0.361961
test00627,407353.748,7400066.865,56,South,-23.506947364,152.092573080,0.99970603,-0.361962
test00628,407353.439,7400066.64,56,South,-23.506949379,152.092570039,0.99970603,-0.361964
test00629,407353.358,7400066.371,56,South,-23.506951804,152.092569230,0.99970603,-0.361964
test00630,407353.548,7400066.13,56,South,-23.506953991,152.092571075,0.99970603,-0.361963
test00631,407353.55,7400065.87,56,South,-23.506956340,152.092571079,0.99970603,-0.361963
test00632,407353.56,7400065.473,56,South,-23.506959926,152.092571152,0.99970603,-0.361963
test00633,407353.598,7400065.193,56,South,-23.506962457,152.092571507,0.99970603,-0.361963
test00634,407353.779,7400064.98,56,South,-23.506964391,152.092573267,0.99970603,-0.361963
test00635,407354.014,7400064.812,56,South,-23.506965922,152.092575558,0.99970603,-0.361962
test00636,407354.253,7400064.72,56,South,-23.506966766,152.092577893,0.99970602,-0.361961
test00637,407354.647,7400064.742,56,South,-23.506966590,152.092581753,0.99970602,-0.361959
test00638,407354.946,7400064.556,56,South,-23.506968287,152.092584669,0.99970602,-0.361958
test00639,407355.29,7400064.435,56,South,-23.506969399,152.092588031,0.99970602,-0.361957
test00640,407355.578,7400064.234,56,South,-23.506971231,152.092590839,0.99970602,-0.361956
test00641,407355.729,7400064.009,56,South,-23.506973272,152.092592304,0.99970602,-0.361955
test00642,407355.991,7400063.99,56,South,-23.506973458,152.092594869,0.99970602,-0.361954
test00643,407356.24,7400063.901,56,South,-23.506974276,152.092597302,0.99970602,-0.361953
test00644,407356.59,7400063.83,56,South,-23.506974938,152.092600725,0.99970602,-0.361952
test00645,407356.9,7400063.715,56,South,-23.506975994,152.092603754,0.99970602,-0.361951
test00646,407357.154,7400063.604,56,South,-23.506977011,152.092606235,0.99970602,-0.361950
test00647,407357.414,7400063.559,56,South,-23.506977432,152.092608778,0.99970602,-0.361949
test00648,407357.716,7400063.484,56,South,-23.506978127,152.092611731,0.99970602,-0.361947
test00649,407358.037,7400063.44,56,South,-23.506978543,152.092614872,0.99970602,-0.361946
test00650,407358.377,7400063.239,56,South,-23.506980377,152.092618190,0.99970602,-0.361945
test00651,407358.728,7400063.132,56,South,-23.506981364,152.092621621,0.99970601,-0.361944
test00652,407359.077,7400063.055,56,South,-23.506982079,152.092625034,0.99970601,-0.361942
test00653,407359.426,7400062.88,56,South,-23.506983680,152.092628441,0.99970601,-0.361941
test00654,407359.713,7400062.739,56,South,-23.506984969,152.092631243,0.99970601,-0.361940
test00655,407359.98,7400062.609,56,South,-23.506986159,152.092633850,0.99970601,-0.361939
test00656,407360.219,7400062.36,56,South,-23.506988421,152.092636175,0.99970601,-0.361938
test00657,407360.48,7400062.179,56,South,-23.506990071,152.092638720,0.99970601,-0.361937
test00658,407360.647,7400061.925,56,South,-23.506992375,152.092640340,0.99970601,-0.361936
test00659,407360.819,7400061.7,56,South,-23.506994417,152.092642010,0.99970601,-0.361936
test00660,407360.929,7400061.443,56,South,-23.506996744,152.092643072,0.99970601,-0.361935
test00661,407360.846,7400061.042,56,South,-23.507000361,152.092642234,0.99970601,-0.361936
test00662,407360.688,7400060.685,56,South,-23.507003576,152.092640665,0.99970601,-0.361936
test00663,407360.504,7400060.435,56,South,-23.507005824,152.092638847,0.99970601,-0.361937
test00664,407360.317,7400060.191,56,South,-23.507008017,152.092637001,0.99970601,-0.361938
test00665,407359.976,7400059.845,56,South,-23.507011122,152.092633640,0.99970601,-0.361939
test00666,407359.689,7400059.621,56,South,-23.507013129,152.092630815,0.99970601,-0.361940
test00667,407359.463,7400059.472,56,South,-23.507014462,152.092628593,0.99970601,-0.361941
test00668,407359.208,7400059.247,56,South,-23.507016479,152.092626081,0.99970601,-0.361942
test00669,407359.017,7400059.084,56,South,-23.507017941,152.092624201,0.99970601,-0.361943
test00670,407358.673,7400058.88,56,South,-23.507019764,152.092620819,0.99970601,-0.361944
test00671,407358.392,7400058.741,56,South,-23.507021003,152.092618058,0.99970602,-0.361946
test00672,407358.03,7400058.523,56,South,-23.507022951,152.092614500,0.99970602,-0.361947
test00673,407357.724,7400058.446,56,South,-23.507023629,152.092611498,0.99970602,-0.361948
test00674,407357.454,7400058.367,56,South,-23.507024327,152.092608849,0.99970602,-0.361949
test00675,407357.2,7400058.36,56,South,-23.507024376,152.092606361,0.99970602,-0.361950
test00676,407357.05,7400058.113,56,South,-23.507026598,152.092604877,0.99970602,-0.361951
test00677,407356.726,7400057.966,56,South,-23.507027908,152.092601694,0.99970602,-0.361952
test00678,407356.377,7400057.799,56,South,-23.507029396,152.092598266,0.99970602,-0.361954
test00679,407356.131,7400057.704,56,South,-23.507030240,152.092595851,0.99970602,-0.361955
test00680,407355.97,7400057.483,56,South,-23.507032227,152.092594260,0.99970602,-0.361955
test00681,407355.712,7400057.341,56,South,-23.507033494,152.092591725,0.99970602,-0.361956
test00682,407355.38,7400057.19,56,South,-23.507034839,152.092588464,0.99970602,-0.361958
test00683,407355.213,7400057.099,56,South,-23.507035652,152.092586823,0.99970602,-0.361958
test00684,407355.5,7400057.06,56,South,-23.507036020,152.092589631,0.99970602,-0.361957
test00685,407355.749,7400056.962,56,South,-23.507036920,152.092592064,0.99970602,-0.361956
test00686,407356.062,7400056.925,56,South,-23.507037272,152.092595127,0.99970602,-0.361955
test00687,407356.334,7400056.846,56,South,-23.507038001,152.092597786,0.99970602,-0.361954
test00688,407356.636,7400056.75,56,South,-23.507038885,152.092600738,0.99970602,-0.361953
test00689,407356.888,7400056.707,56,South,-23.507039288,152.092603203,0.99970602,-0.361952
test00690,407357.174,7400056.637,56,South,-23.507039936,152.092606000,0.99970602,-0.361951
test00691,407357.55,7400056.682,56,South,-23.507039551,152.092609685,0.99970602,-0.361949
test00692,407357.898,7400056.66,56,South,-23.507039770,152.092613092,0.99970602,-0.361948
test00693,407358.194,7400056.604,56,South,-23.507040292,152.092615987,0.99970602,-0.361947
test00694,407358.463,7400056.645,56,South,-23.507039938,152.092618624,0.99970601,-0.361946
test00695,407358.879,7400056.695,56,South,-23.507039510,152.092622701,0.99970601,-0.361944
test00696,407359.172,7400056.709,56,South,-23.507039400,152.092625572,0.99970601,-0.361943
test00697,407359.519,7400056.79,56,South,-23.507038688,152.092628975,0.99970601,-0.361941
test00698,407359.911,7400056.864,56,South,-23.507038042,152.092632819,0.99970601,-0.361940
test00699,407360.203,7400056.982,56,South,-23.507036993,152.092635686,0.99970601,-0.361939
test00700,407360.543,7400057.015,56,South,-23.507036714,152.092639018,0.99970601,-0.361937
test00701,407360.882,7400057.033,56,South,-23.507036571,152.092642339,0.99970601,-0.361936
test00702,407361.23,7400057.101,56,South,-23.507035977,152.092645751,0.99970601,-0.361935
test00703,407361.571,7400057.079,56,South,-23.507036195,152.092649089,0.99970601,-0.361933
test00704,407361.899,7400057.183,56,South,-23.507035274,152.092652308,0.99970601,-0.361932
test00705,407362.17,7400057.176,56,South,-23.507035353,152.092654962,0.99970601,-0.361931
test00706,407362.579,7400057.165,56,South,-23.507035476,152.092658967,0.99970601,-0.361929
test00707,407362.831,7400057.216,56,South,-23.507035030,152.092661438,0.999706,-0.361928
test00708,407363.068,7400057.295,56,South,-23.507034330,152.092663764,0.999706,-0.361928
test00709,407363.439,7400057.47,56,South,-23.507032770,152.092667408,0.999706,-0.361926
test00710,407363.801,7400057.711,56,South,-23.507030614,152.092670968,0.999706,-0.361925
test00711,407364.086,7400057.951,56,South,-23.507028463,152.092673774,0.999706,-0.361923
test00712,407364.353,7400058.137,56,South,-23.507026798,152.092676401,0.999706,-0.361922
test00713,407364.762,7400058.324,56,South,-23.507025133,152.092680418,0.999706,-0.361921
test00714,407365.064,7400058.523,56,South,-23.507023353,152.092683388,0.999706,-0.361920
test00715,407365.32,7400058.762,56,South,-23.507021209,152.092685910,0.999706,-0.361918
test00716,407365.567,7400059.053,56,South,-23.507018594,152.092688347,0.999706,-0.361917
test00717,407365.751,7400059.391,56,South,-23.507015552,152.092690170,0.999706,-0.361917
test00718,407365.878,7400059.77,56,South,-23.507012136,152.092691437,0.999706,-0.361916
test00719,407366.009,7400060.165,56,South,-23.507008576,152.092692744,0.999706,-0.361916
test00720,407366.062,7400060.511,56,South,-23.507005454,152.092693285,0.999706,-0.361915
test00721,407366.131,7400060.807,56,South,-23.507002785,152.092693979,0.999706,-0.361915
test00722,407366.312,7400061.106,56,South,-23.507000095,152.092695770,0.999706,-0.361914
test00723,407366.342,7400061.369,56,South,-23.506997721,152.092696080,0.999706,-0.361914
test00724,407366.419,7400061.749,56,South,-23.506994294,152.092696858,0.999706,-0.361914
test00725,407366.494,7400062.03,56,South,-23.506991760,152.092697609,0.999706,-0.361913
test00726,407366.469,7400062.306,56,South,-23.506989266,152.092697382,0.999706,-0.361913
test00727,407366.557,7400062.594,56,South,-23.506986670,152.092698261,0.999706,-0.361913
test00728,407366.538,7400062.929,56,South,-23.506983643,152.092698096,0.999706,-0.361913
test00729,407366.452,7400063.189,56,South,-23.506981290,152.092697270,0.999706,-0.361913
test00730,407366.624,7400063.521,56,South,-23.506978301,152.092698975,0.999706,-0.361913
test00731,407366.688,7400063.766,56,South,-23.506976092,152.092699617,0.999706,-0.361912
test00732,407366.7,7400064.057,56,South,-23.506973464,152.092699752,0.999706,-0.361912
test00733,407366.806,7400064.283,56,South,-23.506971429,152.092700804,0.999706,-0.361912
test00734,407366.899,7400064.56,56,South,-23.506968933,152.092701732,0.999706,-0.361911
test00735,407367.028,7400064.917,56,South,-23.506965716,152.092703018,0.999706,-0.361911
test00736,407367.194,7400065.229,56,South,-23.506962907,152.092704663,0.99970599,-0.361910
test00737,407367.356,7400065.533,56,South,-23.506960171,152.092706268,0.99970599,-0.361909
test00738,407367.482,7400065.86,56,South,-23.506957225,152.092707522,0.99970599,-0.361909
test00739,407367.639,7400066.172,56,South,-23.506954416,152.092709079,0.99970599,-0.361908
test00740,407367.773,7400066.44,56,South,-23.506952003,152.092710408,0.99970599,-0.361908
test00741,407367.836,7400066.697,56,South,-23.506949685,152.092711041,0.99970599,-0.361907
test00742,407368.0,7400066.989,56,South,-23.506947057,152.092712665,0.99970599,-0.361907
test00743,407368.141,7400067.197,56,South,-23.506945187,152.092714059,0.99970599,-0.361906
test00744,407368.222,7400067.447,56,South,-23.506942934,152.092714868,0.99970599,-0.361906
test00745,407368.363,7400067.727,56,South,-23.506940413,152.092716266,0.99970599,-0.361905
test00746,407368.5,7400067.995,56,South,-23.506938000,152.092717624,0.99970599,-0.361905
test00747,407368.51,7400068.321,56,South,-23.506935056,152.092717743,0.99970599,-0.361905
test00748,407368.547,7400068.57,56,South,-23.506932810,152.092718120,0.99970599,-0.361904
test00749,407368.78,7400068.707,56,South,-23.506931585,152.092720411,0.99970599,-0.361903
test00750,407368.948,7400068.963,56,South,-23.506929283,152.092722072,0.99970599,-0.361903
test00751,407368.866,7400069.217,56,South,-23.506926984,152.092721284,0.99970599,-0.361903
test00752,407368.939,7400069.63,56,South,-23.506923258,152.092722025,0.99970599,-0.361903
test00753,407369.006,7400069.93,56,South,-23.506920553,152.092722700,0.99970599,-0.361902
test00754,407368.942,7400070.253,56,South,-23.506917632,152.092722093,0.99970599,-0.361903
test00755,407368.998,7400070.59,56,South,-23.506914591,152.092722662,0.99970599,-0.361902
test00756,407369.078,7400070.979,56,South,-23.506911082,152.092723470,0.99970599,-0.361902
test00757,407369.053,7400071.385,56,South,-23.506907414,152.092723250,0.99970599,-0.361902
test00758,407369.15,7400071.735,56,South,-23.506904258,152.092724222,0.99970599,-0.361902
test00759,407369.221,7400072.097,56,South,-23.506900993,152.092724939,0.99970599,-0.361901
test00760,407369.237,7400072.495,56,South,-23.506897399,152.092725121,0.99970599,-0.361901
test00761,407369.28,7400072.802,56,South,-23.506894629,152.092725561,0.99970599,-0.361901
test00762,407369.39,7400073.094,56,South,-23.506891998,152.092726656,0.99970599,-0.361900
test00763,407369.434,7400073.523,56,South,-23.506888126,152.092727114,0.99970599,-0.361900
test00764,407369.582,7400073.871,56,South,-23.506884991,152.092728585,0.99970599,-0.361899
test00765,407369.727,7400074.192,56,South,-23.506882100,152.092730024,0.99970599,-0.361899
test00766,407369.826,7400074.55,56,South,-23.506878873,152.092731016,0.99970599,-0.361898
test00767,407369.926,7400074.905,56,South,-23.506875672,152.092732018,0.99970599,-0.361898
test00768,407370.066,7400075.297,56,South,-23.506872140,152.092733413,0.99970599,-0.361897
test00769,407370.147,7400075.722,56,South,-23.506868306,152.092734232,0.99970599,-0.361897
test00770,407370.264,7400076.083,56,South,-23.506865052,152.092735401,0.99970599,-0.361896
test00771,407370.403,7400076.442,56,South,-23.506861818,152.092736784,0.99970599,-0.361896
test00772,407370.454,7400076.772,56,South,-23.506858840,152.092737304,0.99970599,-0.361896
test00773,407370.524,7400077.126,56,South,-23.506855647,152.092738011,0.99970599,-0.361895
test00774,407370.608,7400077.615,56,South,-23.506851235,152.092738864,0.99970599,-0.361895
test00775,407370.647,7400077.913,56,South,-23.506848546,152.092739265,0.99970599,-0.361895
test00776,407370.658,7400078.297,56,South,-23.506845078,152.092739396,0.99970599,-0.361895
test00777,407370.704,7400078.711,56,South,-23.506841342,152.092739872,0.99970599,-0.361894
test00778,407370.726,7400079.121,56,South,-23.506837640,152.092740113,0.99970599,-0.361894
test00779,407370.73,7400079.509,56,South,-23.506834136,152.092740176,0.99970599,-0.361894
test00780,407370.789,7400079.932,56,South,-23.506830319,152.092740780,0.99970599,-0.361894
test00781,407370.8,7400080.379,56,South,-23.506826282,152.092740916,0.99970599,-0.361894
test00782,407370.74,7400080.827,56,South,-23.506822233,152.092740356,0.99970599,-0.361894
test00783,407370.78,7400081.311,56,South,-23.506817864,152.092740778,0.99970599,-0.361894
test00784,407370.734,7400081.76,56,South,-23.506813806,152.092740355,0.99970599,-0.361894
test00785,407370.671,7400082.177,56,South,-23.506810036,152.092739764,0.99970599,-0.361894
test00786,407370.616,7400082.616,56,South,-23.506806068,152.092739252,0.99970599,-0.361894
test00787,407370.554,7400083.045,56,South,-23.506802190,152.092738671,0.99970599,-0.361894
test00788,407370.526,7400083.5,56,South,-23.506798079,152.092738425,0.99970599,-0.361894
test00789,407370.551,7400083.959,56,South,-23.506793935,152.092738699,0.99970599,-0.361894
test00790,407370.479,7400084.37,56,South,-23.506790218,152.092738019,0.99970599,-0.361894
test00791,407370.431,7400084.743,56,South,-23.506786847,152.092737572,0.99970599,-0.361894
test00792,407370.34,7400085.131,56,South,-23.506783337,152.092736705,0.99970599,-0.361895
test00793,407370.229,7400085.489,56,South,-23.506780098,152.092735640,0.99970599,-0.361895
test00794,407370.15,7400085.859,56,South,-23.506776751,152.092734889,0.99970599,-0.361895
test00795,407370.088,7400086.309,56,South,-23.506772684,152.092734310,0.99970599,-0.361896
test00796,407370.004,7400086.727,56,South,-23.506768904,152.092733513,0.99970599,-0.361896
test00797,407369.991,7400087.13,56,South,-23.506765263,152.092733410,0.99970599,-0.361896
test00798,407369.941,7400087.509,56,South,-23.506761837,152.092732944,0.99970599,-0.361896
test00799,407369.836,7400087.89,56,South,-23.506758390,152.092731939,0.99970599,-0.361896
test00800,407369.82,7400088.311,56,South,-23.506754587,152.092731809,0.99970599,-0.361896
test00801,407369.743,7400088.73,56,South,-23.506750798,152.092731080,0.99970599,-0.361897
test00802,407369.658,7400089.134,56,South,-23.506747144,152.092730273,0.99970599,-0.361897
test00803,407369.657,7400089.589,56,South,-23.506743035,152.092730291,0.99970599,-0.361897
test00804,407369.66,7400089.946,56,South,-23.506739811,152.092730343,0.99970599,-0.361897
test00805,407369.701,7400090.301,56,South,-23.506736607,152.092730766,0.99970599,-0.361896
test00806,407369.718,7400090.704,56,South,-23.506732968,152.092730958,0.99970599,-0.361896
test00807,407369.644,7400091.119,56,South,-23.506729216,152.092730259,0.99970599,-0.361897
test00808,407369.611,7400091.394,56,South,-23.506726730,152.092729953,0.99970599,-0.361897
test00809,407369.623,7400091.789,56,South,-23.506723163,152.092730095,0.99970599,-0.361897
test00810,407369.63,7400092.193,56,South,-23.506719515,152.092730188,0.99970599,-0.361896
test00811,407369.62,7400092.6,56,South,-23.506715838,152.092730115,0.99970599,-0.361896
test00812,407369.653,7400093.017,56,South,-23.506712074,152.092730464,0.99970599,-0.361896
test00813,407369.636,7400093.387,56,South,-23.506708731,152.092730321,0.99970599,-0.361896
test00814,407369.582,7400093.746,56,South,-23.506705486,152.092729814,0.99970599,-0.361896
test00815,407369.591,7400094.176,56,South,-23.506701603,152.092729929,0.99970599,-0.361896
test00816,407369.531,7400094.617,56,South,-23.506697616,152.092729368,0.99970599,-0.361896
test00817,407369.472,7400094.862,56,South,-23.506695400,152.092728806,0.99970599,-0.361897
test00818,407369.408,7400095.313,56,South,-23.506691323,152.092728207,0.99970599,-0.361897
test00819,407369.312,7400095.791,56,South,-23.506687001,152.092727296,0.99970599,-0.361897
test00820,407369.199,7400096.191,56,South,-23.506683381,152.092726214,0.99970599,-0.361897
test00821,407369.138,7400096.546,56,South,-23.506680172,152.092725639,0.99970599,-0.361898
test00822,407369.137,7400096.95,56,South,-23.506676523,152.092725654,0.99970599,-0.361898
test00823,407369.02,7400097.296,56,South,-23.506673391,152.092724530,0.99970599,-0.361898
test00824,407368.954,7400097.64,56,South,-23.506670280,152.092723905,0.99970599,-0.361898
test00825,407368.909,7400098.07,56,South,-23.506666394,152.092723490,0.99970599,-0.361898
test00826,407368.806,7400098.435,56,South,-23.506663092,152.092722504,0.99970599,-0.361899
test00827,407368.79,7400098.766,56,South,-23.506660101,152.092722368,0.99970599,-0.361899
test00828,407368.803,7400099.197,56,South,-23.506656209,152.092722522,0.99970599,-0.361899
test00829,407368.737,7400099.6,56,South,-23.506652566,152.092721901,0.99970599,-0.361899
test00830,407368.71,7400100.062,56,South,-23.506648392,152.092721665,0.99970599,-0.361899
test00831,407368.729,7400100.32,56,South,-23.506646063,152.092721867,0.99970599,-0.361899
test00832,407368.7,7400100.782,56,South,-23.506641888,152.092721611,0.99970599,-0.361899
test00833,407368.633,7400101.025,56,South,-23.506639690,152.092720970,0.99970599,-0.361899
test00834,407368.568,7400101.485,56,South,-23.506635531,152.092720362,0.99970599,-0.361899
test00835,407368.557,7400101.745,56,South,-23.506633183,152.092720270,0.99970599,-0.361899
test00836,407368.482,7400102.214,56,South,-23.506628942,152.092719565,0.99970599,-0.361899
test00837,407368.409,7400102.632,56,South,-23.506625163,152.092718876,0.99970599,-0.361900
test00838,407368.361,7400103.075,56,South,-23.506621159,152.092718433,0.99970599,-0.361900
test00839,407368.277,7400103.523,56,South,-23.506617108,152.092717638,0.99970599,-0.361900
test00840,407368.18,7400103.99,56,South,-23.506612885,152.092716717,0.99970599,-0.361900
test00841,407368.151,7400104.321,56,South,-23.506609894,152.092716454,0.99970599,-0.361900
test00842,407368.088,7400104.765,56,South,-23.506605880,152.092715864,0.99970599,-0.361901
test00843,407367.97,7400105.101,56,South,-23.506602839,152.092714729,0.99970599,-0.361901
test00844,407367.889,7400105.505,56,South,-23.506599185,152.092713961,0.99970599,-0.361901
test00845,407367.784,7400105.904,56,South,-23.506595575,152.092712957,0.99970599,-0.361902
test00846,407367.734,7400106.283,56,South,-23.506592150,152.092712491,0.99970599,-0.361902
test00847,407367.777,7400106.756,56,South,-23.506587880,152.092712941,0.99970599,-0.361901
test00848,407367.763,7400107.186,56,South,-23.506583996,152.092712831,0.99970599,-0.361901
test00849,407367.82,7400107.593,56,South,-23.506580323,152.092713414,0.99970599,-0.361901
test00850,407367.923,7400108.042,56,South,-23.506576274,152.092714451,0.99970599,-0.361901
test00851,407367.996,7400108.48,56,South,-23.506572322,152.092715193,0.99970599,-0.361900
test00852,407368.104,7400108.872,56,South,-23.506568788,152.092716275,0.99970599,-0.361900
test00853,407368.224,7400109.285,56,South,-23.506565064,152.092717476,0.99970599,-0.361899
test00854,407368.29,7400109.722,56,South,-23.506561121,152.092718149,0.99970599,-0.361899
test00855,407368.381,7400110.169,56,South,-23.506557089,152.092719068,0.99970599,-0.361899
test00856,407368.46,7400110.599,56,South,-23.506553210,152.092719868,0.99970599,-0.361898
test00857,407368.457,7400111.041,56,South,-23.506549218,152.092719866,0.99970599,-0.361898
test00858,407368.487,7400111.454,56,South,-23.506545490,152.092720185,0.99970599,-0.361898
test00859,407368.49,7400111.904,56,South,-23.506541425,152.092720243,0.99970599,-0.361898
test00860,407368.422,7400112.345,56,South,-23.506537439,152.092719604,0.99970599,-0.361898
test00861,407368.408,7400112.869,56,South,-23.506532705,152.092719499,0.99970599,-0.361898
test00862,407368.34,7400113.283,56,South,-23.506528962,152.092718859,0.99970599,-0.361898
test00863,407368.243,7400113.681,56,South,-23.506525362,152.092717934,0.99970599,-0.361899
test00864,407368.247,7400114.207,56,South,-23.506520611,152.092718005,0.99970599,-0.361898
test00865,407368.19,7400114.625,56,South,-23.506516833,152.092717473,0.99970599,-0.361899
test00866,407368.108,7400115.035,56,South,-23.506513125,152.092716695,0.99970599,-0.361899
test00867,407368.044,7400115.444,56,South,-23.506509428,152.092716094,0.99970599,-0.361899
test00868,407368.013,7400115.803,56,South,-23.506506183,152.092715812,0.99970599,-0.361899
test00869,407368.039,7400116.147,56,South,-23.506503078,152.092716088,0.99970599,-0.361899
test00870,407368.239,7400116.51,56,South,-23.506499811,152.092718069,0.99970599,-0.361898
test00871,407368.271,7400116.922,56,South,-23.506496092,152.092718408,0.99970599,-0.361898
test00872,407368.186,7400117.332,56,South,-23.506492384,152.092717601,0.99970599,-0.361898
test00873,407368.228,7400117.701,56,South,-23.506489054,152.092718035,0.99970599,-0.361898
test00874,407368.134,7400118.053,56,South,-23.506485869,152.092717137,0.99970599,-0.361898
test00875,407368.03,7400118.42,56,South,-23.506482548,152.092716141,0.99970599,-0.361899
test00876,407368.112,7400118.991,56,South,-23.506477396,152.092716979,0.99970599,-0.361898
test00877,407368.059,7400119.236,56,South,-23.506475180,152.092716475,0.99970599,-0.361898
test00878,407367.921,7400119.555,56,South,-23.506472291,152.092715143,0.99970599,-0.361899
test00879,407367.916,7400119.922,56,South,-23.506468976,152.092715117,0.99970599,-0.361899
test00880,407367.88,7400120.267,56,South,-23.506465858,152.092714786,0.99970599,-0.361899
test00881,407367.733,7400120.656,56,South,-23.506462337,152.092713370,0.99970599,-0.361899
test00882,407367.716,7400121.057,56,South,-23.506458714,152.092713229,0.99970599,-0.361899
test00883,407367.699,7400121.483,56,South,-23.506454865,152.092713089,0.99970599,-0.361899
test00884,407367.6,7400121.851,56,South,-23.506451536,152.092712142,0.99970599,-0.361900
test00885,407367.531,7400122.26,56,South,-23.506447838,152.092711491,0.99970599,-0.361900
test00886,407367.497,7400122.673,56,South,-23.506444106,152.092711184,0.99970599,-0.361900
test00887,407367.459,7400123.075,56,South,-23.506440473,152.092710837,0.99970599,-0.361900
test00888,407367.539,7400123.441,56,South,-23.506437172,152.092711643,0.99970599,-0.361900
test00889,407367.582,7400123.801,56,South,-23.506433923,152.092712086,0.99970599,-0.361900
test00890,407367.601,7400124.226,56,South,-23.506430086,152.092712298,0.99970599,-0.361899
test00891,407367.807,7400124.705,56,South,-23.506425771,152.092714346,0.99970599,-0.361898
test00892,407367.869,7400125.135,56,South,-23.506421891,152.092714979,0.99970599,-0.361898
test00893,407367.838,7400125.504,56,South,-23.506418557,152.092714699,0.99970599,-0.361898
test00894,407367.912,7400125.939,56,South,-23.506414632,152.092715450,0.99970599,-0.361898
test00895,407367.917,7400126.315,56,South,-23.506411236,152.092715522,0.99970599,-0.361898
test00896,407367.853,7400126.695,56,South,-23.506407801,152.092714919,0.99970599,-0.361898
test00897,407367.89,7400127.091,56,South,-23.506404226,152.092715306,0.99970599,-0.361898
test00898,407367.872,7400127.486,56,South,-23.506400658,152.092715154,0.99970599,-0.361898
test00899,407367.828,7400127.87,56,South,-23.506397187,152.092714747,0.99970599,-0.361898
test00900,407367.826,7400128.269,56,South,-23.506393583,152.092714752,0.99970599,-0.361898
test00901,407367.796,7400128.683,56,South,-23.506389842,152.092714484,0.99970599,-0.361898
test00902,407367.747,7400129.12,56,South,-23.506385893,152.092714031,0.99970599,-0.361898
test00903,407367.772,7400129.543,56,South,-23.506382074,152.092714302,0.99970599,-0.361898
test00904,407367.739,7400129.951,56,South,-23.506378387,152.092714004,0.99970599,-0.361898
test00905,407367.717,7400130.36,56,South,-23.506374692,152.092713814,0.99970599,-0.361898
test00906,407367.82,7400130.807,56,South,-23.506370660,152.092714850,0.99970599,-0.361897
test00907,407367.832,7400131.173,56,South,-23.506367356,152.092714991,0.99970599,-0.361897
test00908,407367.863,7400131.534,56,South,-23.506364097,152.092715316,0.99970599,-0.361897
test00909,407367.984,7400131.95,56,South,-23.506360347,152.092716527,0.99970599,-0.361897
test00910,407368.046,7400132.33,56,South,-23.506356918,152.092717158,0.99970599,-0.361896
test00911,407368.114,7400132.8,56,South,-23.506352677,152.092717853,0.99970599,-0.361896
test00912,407368.2,7400133.07,56,South,-23.506350243,152.092718712,0.99970599,-0.361896
test00913,407368.266,7400133.414,56,South,-23.506347140,152.092719380,0.99970599,-0.361895
test00914,407368.25,7400133.845,56,South,-23.506343247,152.092719250,0.99970599,-0.361895
test00915,407368.211,7400134.1,56,South,-23.506340941,152.092718883,0.99970599,-0.361895
test00916,407368.227,7400134.459,56,South,-23.506337700,152.092719062,0.99970599,-0.361895
test00917,407368.232,7400134.795,56,South,-23.506334665,152.092719132,0.99970599,-0.361895
test00918,407368.221,7400135.081,56,South,-23.506332082,152.092719042,0.99970599,-0.361895
test00919,407368.198,7400135.433,56,South,-23.506328901,152.092718838,0.99970599,-0.361895
test00920,407368.084,7400135.855,56,South,-23.506325083,152.092717748,0.99970599,-0.361896
test00921,407367.947,7400136.245,56,South,-23.506321553,152.092716431,0.99970599,-0.361896
test00922,407367.864,7400136.642,56,South,-23.506317963,152.092715642,0.99970599,-0.361896
test00923,407367.734,7400137.043,56,South,-23.506314334,152.092714394,0.99970599,-0.361897
test00924,407367.717,7400137.403,56,South,-23.506311081,152.092714250,0.99970599,-0.361897
test00925,407367.827,7400137.885,56,South,-23.506306734,152.092715357,0.99970599,-0.361896
test00926,407367.769,7400138.337,56,South,-23.506302649,152.092714817,0.99970599,-0.361897
test00927,407367.767,7400138.821,56,South,-23.506298277,152.092714827,0.99970599,-0.361896
test00928,407367.794,7400139.09,56,South,-23.506295849,152.092715108,0.99970599,-0.361896
test00929,407367.71,7400139.51,56,South,-23.506292051,152.092714311,0.99970599,-0.361897
test00930,407367.579,7400139.945,56,South,-23.506288115,152.092713055,0.99970599,-0.361897
test00931,407367.537,7400140.417,56,South,-23.506283849,152.092712673,0.99970599,-0.361897
test00932,407367.412,7400140.786,56,South,-23.506280510,152.092711472,0.99970599,-0.361898
test00933,407367.198,7400141.18,56,South,-23.506276939,152.092709400,0.99970599,-0.361898
test00934,407367.036,7400141.652,56,South,-23.506272667,152.092707843,0.999706,-0.361899
test00935,407366.823,7400141.973,56,South,-23.506269755,152.092705777,0.999706,-0.361900
test00936,407366.682,7400142.291,56,South,-23.506266875,152.092704416,0.999706,-0.361900
test00937,407366.603,7400142.659,56,South,-23.506263547,152.092703665,0.999706,-0.361900
test00938,407366.441,7400142.97,56,South,-23.506260729,152.092702097,0.999706,-0.361901
test00939,407366.296,7400143.274,56,South,-23.506257975,152.092700696,0.999706,-0.361902
test00940,407366.256,7400143.735,56,South,-23.506253809,152.092700333,0.999706,-0.361902
test00941,407366.147,7400144.095,56,South,-23.506250551,152.092699288,0.999706,-0.361902
test00942,407365.99,7400144.449,56,South,-23.506247345,152.092697772,0.999706,-0.361903
test00943,407365.964,7400144.931,56,South,-23.506242990,152.092697547,0.999706,-0.361903
test00944,407365.864,7400145.331,56,South,-23.506239372,152.092696593,0.999706,-0.361903
test00945,407365.757,7400145.669,56,South,-23.506236313,152.092695566,0.999706,-0.361903
test00946,407365.74,7400146.085,56,South,-23.506232555,152.092695425,0.999706,-0.361903
test00947,407365.644,7400146.424,56,South,-23.506229488,152.092694506,0.999706,-0.361904
test00948,407365.459,7400146.83,56,South,-23.506225810,152.092692719,0.999706,-0.361904
test00949,407365.382,7400147.247,56,South,-23.506222040,152.092691991,0.999706,-0.361904
test00950,407365.279,7400147.59,56,South,-23.506218936,152.092691003,0.999706,-0.361905
test00951,407365.098,7400147.951,56,South,-23.506215665,152.092689253,0.999706,-0.361905
test00952,407364.994,7400148.351,56,South,-23.506212047,152.092688259,0.999706,-0.361906
test00953,407364.818,7400148.74,56,South,-23.506208523,152.092686560,0.999706,-0.361906
test00954,407364.591,7400149.099,56,South,-23.506205268,152.092684359,0.999706,-0.361907
test00955,407364.446,7400149.47,56,South,-23.506201909,152.092682962,0.999706,-0.361908
test00956,407364.38,7400149.712,56,South,-23.506199719,152.092682330,0.999706,-0.361908
test00957,407364.139,7400150.112,56,South,-23.506196093,152.092679995,0.999706,-0.361909
test00958,407363.943,7400150.414,56,South,-23.506193354,152.092678094,0.999706,-0.361910
test00959,407363.849,7400150.833,56,South,-23.506189565,152.092677199,0.999706,-0.361910
test00960,407363.692,7400151.205,56,South,-23.506186196,152.092675685,0.999706,-0.361910
test00961,407363.554,7400151.62,56,South,-23.506182440,152.092674359,0.999706,-0.361911
test00962,407363.504,7400152.039,56,South,-23.506178653,152.092673895,0.999706,-0.361911
test00963,407363.336,7400152.392,56,South,-23.506175455,152.092672271,0.999706,-0.361912
test00964,407363.194,7400152.79,56,South,-23.506171852,152.092670905,0.999706,-0.361912
test00965,407363.084,7400153.175,56,South,-23.506168369,152.092669852,0.999706,-0.361913
test00966,407362.839,7400153.44,56,South,-23.506165961,152.092667469,0.999706,-0.361913
test00967,407362.67,7400153.774,56,South,-23.506162935,152.092665834,0.99970601,-0.361914
test00968,407362.549,7400154.22,56,South,-23.506158900,152.092664677,0.99970601,-0.361914
test00969,407362.287,7400154.554,56,South,-23.506155868,152.092662132,0.99970601,-0.361915
test00970,407362.118,7400154.95,56,South,-23.506152282,152.092660501,0.99970601,-0.361916
test00971,407361.996,7400155.372,56,South,-23.506148464,152.092659332,0.99970601,-0.361916
test00972,407361.79,7400155.741,56,South,-23.506145119,152.092657338,0.99970601,-0.361917
test00973,407361.633,7400156.167,56,South,-23.506141263,152.092655827,0.99970601,-0.361918
test00974,407361.513,7400156.563,56,South,-23.506137679,152.092654676,0.99970601,-0.361918
test00975,407361.333,7400156.767,56,South,-23.506135827,152.092652926,0.99970601,-0.361919
test00976,407361.05,7400157.0,56,South,-23.506133706,152.092650169,0.99970601,-0.361920
test00977,407360.794,7400157.411,56,South,-23.506129980,152.092647687,0.99970601,-0.361921
test00978,407360.523,7400157.763,56,South,-23.506126785,152.092645055,0.99970601,-0.361922
test00979,407360.271,7400158.12,56,South,-23.506123546,152.092642609,0.99970601,-0.361923
test00980,407360.124,7400158.5,56,South,-23.506120106,152.092641193,0.99970601,-0.361923
test00981,407359.9,7400158.79,56,South,-23.506117474,152.092639017,0.99970601,-0.361924
test00982,407359.67,7400159.043,56,South,-23.506115176,152.092636780,0.99970601,-0.361925
test00983,407359.41,7400159.37,56,South,-23.506112207,152.092634254,0.99970601,-0.361926
test00984,407359.047,7400159.64,56,South,-23.506109748,152.092630715,0.99970601,-0.361927
test00985,407358.83,7400159.79,56,South,-23.506108381,152.092628599,0.99970601,-0.361928
test00986,407358.639,7400160.037,56,South,-23.506106139,152.092626744,0.99970601,-0.361929
test00987,407358.339,7400160.24,56,South,-23.506104289,152.092623819,0.99970602,-0.361930
test00988,407358.016,7400160.403,56,South,-23.506102798,152.092620665,0.99970602,-0.361931
test00989,407357.75,7400160.65,56,South,-23.506100552,152.092618076,0.99970602,-0.361932
test00990,407357.47,7400160.861,56,South,-23.506098630,152.092615347,0.99970602,-0.361933
test00991,407357.19,7400161.1,56,South,-23.506096456,152.092612619,0.99970602,-0.361934
test00992,407357.001,7400161.387,56,South,-23.506093853,152.092610786,0.99970602,-0.361935
test00993,407356.75,7400161.624,56,South,-23.506091698,152.092608342,0.99970602,-0.361936
test00994,407356.367,7400161.76,56,South,-23.506090448,152.092604600,0.99970602,-0.361937
test00995,407356.032,7400162.08,56,South,-23.506087539,152.092601339,0.99970602,-0.361939
test00996,407355.647,7400162.299,56,South,-23.506085539,152.092597582,0.99970602,-0.361940
test00997,407355.148,7400162.476,56,South,-23.506083912,152.092592706,0.99970602,-0.361942
test00998,407354.784,7400162.657,56,South,-23.506082256,152.092589152,0.99970602,-0.361943
test00999,407354.466,7400162.764,56,South,-23.506081272,152.092586045,0.99970602,-0.361945
test01000,407354.179,7400162.819,56,South,-23.506080759,152.092583237,0.99970602,-0.361946
test01001,407353.836,7400162.921,56,South,-23.506079818,152.092579884,0.99970603,-0.361947
test01002,407353.53,7400163.013,56,South,-23.506078969,152.092576893,0.99970603,-0.361948
test01003,407353.217,7400162.98,56,South,-23.506079250,152.092573826,0.99970603,-0.361950
test01004,407352.94,7400163.096,56,South,-23.506078186,152.092571120,0.99970603,-0.361951
test01005,407352.704,7400163.222,56,South,-23.506077035,152.092568817,0.99970603,-0.361951
