point id,easting 1,northing 1,ellipsoidal height 1,zone 1,easting 2,northing 2,ellipsoidal height 2,zone 2
base,407255.517,7400063.494,3.979,56,407256.182,7400064.902,3.873,56
test00002,407249.664,7400075.801,1.672,56,407250.329,7400077.209,1.566,56
test00003,407249.315,7400076.302,1.717,56,407249.980,7400077.710,1.611,56
test00004,407249.059,7400076.84,1.689,56,407249.724,7400078.25,1.583,56
test00005,407248.812,7400077.395,1.714,56,407249.477,7400078.803,1.608,56
test00006,407248.554,7400078.186,1.79,56,407249.219,7400079.594,1.68,56
test00007,407248.382,7400078.821,1.781,56,407249.047,7400080.229,1.675,56
test00008,407248.185,7400079.411,1.798,56,407248.850,7400080.819,1.692,56
test00009,407248.039,7400080.032,1.789,56,407248.704,7400081.440,1.683,56
test00010,407247.784,7400080.632,1.784,56,407248.449,7400082.040,1.678,56
test00011,407247.622,7400081.357,1.786,56,407248.287,7400082.765,1.680,56
test00012,407247.338,7400081.939,1.755,56,407248.003,7400083.347,1.649,56
test00013,407247.24,7400082.527,1.727,56,407247.91,7400083.935,1.621,56
test00014,407247.133,7400083.137,1.694,56,407247.798,7400084.545,1.588,56
test00015,407247.175,7400083.673,1.662,56,407247.840,7400085.081,1.556,56
test00016,407247.258,7400084.182,1.661,56,407247.923,7400085.590,1.555,56
test00017,407247.338,7400084.713,1.715,56,407248.003,7400086.121,1.609,56
test00018,407247.554,7400085.251,1.703,56,407248.219,7400086.659,1.597,56
test00019,407247.789,7400085.805,1.686,56,407248.454,7400087.213,1.580,56
test00020,407339.093,7400135.213,1.41,56,407339.758,7400136.621,1.30,56
test00021,407339.406,7400135.294,1.474,56,407340.071,7400136.702,1.368,56
test00022,407339.72,7400135.364,1.488,56,407340.39,7400136.772,1.382,56
test00023,407339.994,7400135.359,1.439,56,407340.659,7400136.767,1.333,56
test00024,407340.406,7400135.438,1.426,56,407341.071,7400136.846,1.320,56
test00025,407340.774,7400135.497,1.481,56,407341.439,7400136.905,1.375,56
test00026,407341.148,7400135.515,1.447,56,407341.813,7400136.923,1.341,56
test00027,407341.553,7400135.588,1.403,56,407342.218,7400136.996,1.297,56
test00028,407341.835,7400135.609,1.431,56,407342.500,7400137.017,1.325,56
test00029,407342.116,7400135.615,1.464,56,407342.781,7400137.023,1.358,56
test00030,407342.501,7400135.675,1.487,56,407343.166,7400137.083,1.381,56
test00031,407342.874,7400135.744,1.485,56,407343.539,7400137.152,1.379,56
test00032,407343.466,7400135.867,1.506,56,407344.131,7400137.275,1.400,56
test00033,407343.842,7400135.909,1.571,56,407344.507,7400137.317,1.465,56
test00034,407344.134,7400135.972,1.657,56,407344.799,7400137.380,1.551,56
test00035,407344.606,7400136.06,1.766,56,407345.271,7400137.47,1.660,56
test00036,407345.019,7400136.101,1.851,56,407345.684,7400137.509,1.745,56
test00037,407345.333,7400136.129,1.816,56,407345.998,7400137.537,1.710,56
test00038,407345.629,7400136.179,1.864,56,407346.294,7400137.587,1.758,56
test00039,407346.046,7400136.251,1.912,56,407346.711,7400137.659,1.806,56
test00040,407346.35,7400136.255,1.85,56,407347.02,7400137.663,1.74,56
test00041,407346.691,7400136.253,1.814,56,407347.356,7400137.661,1.708,56
test00042,407347.002,7400136.272,1.795,56,407347.667,7400137.680,1.689,56
test00043,407347.411,7400136.234,1.757,56,407348.076,7400137.642,1.651,56
test00044,407347.739,7400136.292,1.848,56,407348.404,7400137.700,1.742,56
test00045,407348.03,7400136.408,1.813,56,407348.70,7400137.816,1.707,56
test00046,407348.406,7400136.387,1.828,56,407349.071,7400137.795,1.722,56
test00047,407348.732,7400136.416,1.806,56,407349.397,7400137.824,1.700,56
test00048,407349.087,7400136.522,1.819,56,407349.752,7400137.930,1.713,56
test00049,407349.449,7400136.575,1.772,56,407350.114,7400137.983,1.666,56
test00050,407349.803,7400136.682,1.739,56,407350.468,7400138.090,1.633,56
test00051,407350.152,7400136.751,1.75,56,407350.817,7400138.159,1.64,56
test00052,407350.427,7400136.732,1.709,56,407351.092,7400138.140,1.603,56
test00053,407350.681,7400136.773,1.593,56,407351.346,7400138.181,1.487,56
test00054,407350.934,7400136.794,1.548,56,407351.599,7400138.202,1.442,56
test00055,407351.183,7400136.757,1.479,56,407351.848,7400138.165,1.373,56
test00056,407351.509,7400136.772,1.392,56,407352.174,7400138.180,1.286,56
test00057,407351.848,7400136.738,1.358,56,407352.513,7400138.146,1.252,56
test00058,407352.141,7400136.692,1.408,56,407352.806,7400138.100,1.302,56
test00059,407352.584,7400136.815,1.413,56,407353.249,7400138.223,1.307,56
test00060,407352.849,7400136.761,1.313,56,407353.514,7400138.169,1.207,56
test00061,407353.105,7400136.744,1.325,56,407353.770,7400138.152,1.219,56
test00062,407353.372,7400136.794,1.228,56,407354.037,7400138.202,1.122,56
test00063,407353.687,7400136.75,1.176,56,407354.352,7400138.16,1.070,56
test00064,407354.055,7400136.755,1.051,56,407354.720,7400138.163,0.945,56
test00065,407354.455,7400136.794,0.929,56,407355.120,7400138.202,0.823,56
test00066,407354.713,7400136.755,0.85,56,407355.378,7400138.163,0.74,56
test00067,407355.006,7400136.857,0.74,56,407355.671,7400138.265,0.63,56
test00068,407355.265,7400136.867,0.576,56,407355.930,7400138.275,0.470,56
test00069,407355.519,7400136.858,0.594,56,407356.184,7400138.266,0.488,56
test00070,407355.796,7400136.927,0.491,56,407356.461,7400138.335,0.385,56
test00071,407356.148,7400136.946,0.457,56,407356.813,7400138.354,0.351,56
test00072,407356.44,7400136.962,0.432,56,407357.10,7400138.370,0.326,56
test00073,407356.775,7400137.01,0.428,56,407357.440,7400138.42,0.322,56
test00074,407357.156,7400136.945,0.357,56,407357.821,7400138.353,0.251,56
test00075,407357.52,7400136.946,0.31,56,407358.18,7400138.354,0.20,56
test00076,407357.883,7400136.936,0.288,56,407358.548,7400138.344,0.182,56
test00077,407358.23,7400136.876,0.211,56,407358.90,7400138.284,0.105,56
test00078,407358.592,7400136.892,0.143,56,407359.257,7400138.300,0.037,56
test00079,407358.938,7400136.893,0.165,56,407359.603,7400138.301,0.059,56
test00080,407359.306,7400136.852,0.137,56,407359.971,7400138.260,0.031,56
test00081,407359.644,7400136.894,0.093,56,407360.309,7400138.302,-0.013,56
test00082,407359.985,7400136.909,0.088,56,407360.650,7400138.317,-0.018,56
test00083,407360.313,7400136.882,0.093,56,407360.978,7400138.290,-0.013,56
test00084,407360.61,7400136.922,0.055,56,407361.28,7400138.330,-0.051,56
test00085,407360.92,7400136.928,-0.054,56,407361.59,7400138.336,-0.160,56
test00086,407361.246,7400136.951,-0.081,56,407361.911,7400138.359,-0.187,56
test00087,407361.602,7400136.966,-0.116,56,407362.267,7400138.374,-0.222,56
test00088,407361.897,7400136.937,-0.208,56,407362.562,7400138.345,-0.314,56
test00089,407362.224,7400137.017,-0.281,56,407362.889,7400138.425,-0.387,56
test00090,407362.602,7400137.01,-0.291,56,407363.267,7400138.42,-0.397,56
test00091,407362.879,7400136.911,-0.283,56,407363.544,7400138.319,-0.389,56
test00092,407363.093,7400136.682,-0.279,56,407363.758,7400138.090,-0.385,56
test00093,407363.17,7400136.313,-0.3,56,407363.84,7400137.721,-0.4,56
test00094,407363.255,7400135.962,-0.233,56,407363.920,7400137.370,-0.339,56
test00095,407362.875,7400135.862,-0.168,56,407363.540,7400137.270,-0.274,56
test00096,407362.596,7400135.7,-0.169,56,407363.261,7400137.1,-0.275,56
test00097,407362.313,7400135.532,-0.076,56,407362.978,7400136.940,-0.182,56
test00098,407361.973,7400135.591,-0.087,56,407362.638,7400136.999,-0.193,56
test00099,407361.561,7400135.573,-0.007,56,407362.226,7400136.981,-0.113,56
test00100,407361.135,7400135.545,0.077,56,407361.800,7400136.953,-0.029,56
test00101,407360.661,7400135.51,0.082,56,407361.326,7400136.92,-0.024,56
test00102,407360.363,7400135.378,0.164,56,407361.028,7400136.786,0.058,56
test00103,407360.017,7400135.207,0.221,56,407360.682,7400136.615,0.115,56
test00104,407359.636,7400135.045,0.175,56,407360.301,7400136.453,0.069,56
test00105,407359.251,7400134.926,0.248,56,407359.916,7400136.334,0.142,56
test00106,407358.875,7400134.788,0.365,56,407359.540,7400136.196,0.259,56
test00107,407358.409,7400134.727,0.341,56,407359.074,7400136.135,0.235,56
test00108,407357.983,7400134.658,0.389,56,407358.648,7400136.066,0.283,56
test00109,407357.638,7400134.522,0.482,56,407358.303,7400135.930,0.376,56
test00110,407357.218,7400134.496,0.484,56,407357.883,7400135.904,0.378,56
test00111,407356.839,7400134.446,0.525,56,407357.504,7400135.854,0.419,56
test00112,407356.58,7400134.309,0.558,56,407357.24,7400135.717,0.452,56
test00113,407356.243,7400134.231,0.571,56,407356.908,7400135.639,0.465,56
test00114,407355.862,7400134.139,0.709,56,407356.527,7400135.547,0.603,56
test00115,407355.556,7400133.974,0.762,56,407356.221,7400135.382,0.656,56
test00116,407355.254,7400133.864,0.788,56,407355.919,7400135.272,0.682,56
test00117,407354.924,7400133.797,0.882,56,407355.589,7400135.205,0.776,56
test00118,407354.665,7400133.643,0.98,56,407355.330,7400135.051,0.87,56
test00119,407354.29,7400133.503,1.068,56,407354.96,7400134.911,0.962,56
test00120,407353.977,7400133.523,1.236,56,407354.642,7400134.931,1.130,56
test00121,407353.647,7400133.494,1.312,56,407354.312,7400134.902,1.206,56
test00122,407353.402,7400133.401,1.474,56,407354.067,7400134.809,1.368,56
test00123,407353.096,7400133.307,1.469,56,407353.761,7400134.715,1.363,56
test00124,407352.657,7400133.165,1.436,56,407353.322,7400134.573,1.330,56
test00125,407352.245,7400133.032,1.501,56,407352.910,7400134.440,1.395,56
test00126,407351.916,7400132.975,1.493,56,407352.581,7400134.383,1.387,56
test00127,407351.503,7400132.803,1.55,56,407352.168,7400134.211,1.44,56
test00128,407351.084,7400132.684,1.626,56,407351.749,7400134.092,1.520,56
test00129,407350.738,7400132.582,1.758,56,407351.403,7400133.990,1.652,56
test00130,407350.44,7400132.461,1.767,56,407351.10,7400133.869,1.661,56
test00131,407350.1,7400132.335,1.807,56,407350.8,7400133.743,1.701,56
test00132,407349.785,7400132.259,1.9,56,407350.450,7400133.667,1.8,56
test00133,407349.472,7400132.164,1.982,56,407350.137,7400133.572,1.876,56
test00134,407349.198,7400132.074,1.961,56,407349.863,7400133.482,1.855,56
test00135,407348.916,7400132.039,2.054,56,407349.581,7400133.447,1.948,56
test00136,407348.569,7400131.948,1.988,56,407349.234,7400133.356,1.882,56
test00137,407348.191,7400131.826,2.003,56,407348.856,7400133.234,1.897,56
test00138,407347.821,7400131.769,1.973,56,407348.486,7400133.177,1.867,56
test00139,407347.53,7400131.693,1.823,56,407348.20,7400133.101,1.717,56
test00140,407347.133,7400131.61,1.67,56,407347.798,7400133.02,1.56,56
test00141,407346.716,7400131.444,1.66,56,407347.381,7400132.852,1.55,56
test00142,407346.467,7400131.272,1.649,56,407347.132,7400132.680,1.543,56
test00143,407346.174,7400131.159,1.768,56,407346.839,7400132.567,1.662,56
test00144,407345.861,7400131.135,1.653,56,407346.526,7400132.543,1.547,56
test00145,407345.521,7400131.053,1.597,56,407346.186,7400132.461,1.491,56
test00146,407345.269,7400130.872,1.601,56,407345.934,7400132.280,1.495,56
test00147,407344.806,7400130.74,1.518,56,407345.471,7400132.15,1.412,56
test00148,407344.365,7400130.438,1.481,56,407345.030,7400131.846,1.375,56
test00149,407344.045,7400130.233,1.526,56,407344.710,7400131.641,1.420,56
test00150,407343.713,7400130.122,1.523,56,407344.378,7400131.530,1.417,56
test00151,407343.339,7400129.977,1.519,56,407344.004,7400131.385,1.413,56
test00152,407343.13,7400129.828,1.49,56,407343.79,7400131.236,1.38,56
test00153,407342.778,7400129.684,1.563,56,407343.443,7400131.092,1.457,56
test00154,407342.481,7400129.522,1.619,56,407343.146,7400130.930,1.513,56
test00155,407342.237,7400129.28,1.649,56,407342.902,7400130.69,1.543,56
test00156,407342.269,7400129.023,1.654,56,407342.934,7400130.431,1.548,56
test00157,407342.535,7400128.942,1.654,56,407343.200,7400130.350,1.548,56
test00158,407342.706,7400128.705,1.605,56,407343.371,7400130.113,1.499,56
test00159,407342.963,7400128.638,1.6,56,407343.628,7400130.046,1.5,56
test00160,407343.331,7400128.503,1.538,56,407343.996,7400129.911,1.432,56
test00161,407343.575,7400128.447,1.525,56,407344.240,7400129.855,1.419,56
test00162,407343.846,7400128.481,1.617,56,407344.511,7400129.889,1.511,56
test00163,407344.085,7400128.371,1.556,56,407344.750,7400129.779,1.450,56
test00164,407344.313,7400128.258,1.572,56,407344.978,7400129.666,1.466,56
test00165,407344.597,7400128.263,1.522,56,407345.262,7400129.671,1.416,56
test00166,407344.883,7400128.288,1.572,56,407345.548,7400129.696,1.466,56
test00167,407345.244,7400128.248,1.565,56,407345.909,7400129.656,1.459,56
test00168,407345.625,7400128.331,1.583,56,407346.290,7400129.739,1.477,56
test00169,407345.992,7400128.467,1.681,56,407346.657,7400129.875,1.575,56
test00170,407346.324,7400128.475,1.65,56,407346.989,7400129.883,1.54,56
test00171,407346.608,7400128.54,1.685,56,407347.273,7400129.95,1.579,56
test00172,407346.847,7400128.622,1.747,56,407347.512,7400130.030,1.641,56
test00173,407347.194,7400128.543,1.781,56,407347.859,7400129.951,1.675,56
test00174,407347.451,7400128.596,1.805,56,407348.116,7400130.004,1.699,56
test00175,407347.699,7400128.706,1.846,56,407348.364,7400130.114,1.740,56
test00176,407347.984,7400128.646,1.909,56,407348.649,7400130.054,1.803,56
test00177,407348.28,7400128.694,1.931,56,407348.95,7400130.102,1.825,56
test00178,407348.614,7400128.666,1.933,56,407349.279,7400130.074,1.827,56
test00179,407348.854,7400128.511,1.974,56,407349.519,7400129.919,1.868,56
test00180,407349.107,7400128.527,1.981,56,407349.772,7400129.935,1.875,56
test00181,407349.355,7400128.464,1.947,56,407350.020,7400129.872,1.841,56
test00182,407349.642,7400128.507,1.915,56,407350.307,7400129.915,1.809,56
test00183,407349.905,7400128.458,1.871,56,407350.570,7400129.866,1.765,56
test00184,407350.148,7400128.519,1.881,56,407350.813,7400129.927,1.775,56
test00185,407350.392,7400128.458,1.833,56,407351.057,7400129.866,1.727,56
test00186,407350.718,7400128.475,1.675,56,407351.383,7400129.883,1.569,56
test00187,407351.001,7400128.523,1.576,56,407351.666,7400129.931,1.470,56
test00188,407351.285,7400128.547,1.467,56,407351.950,7400129.955,1.361,56
test00189,407351.604,7400128.592,1.341,56,407352.269,7400130.000,1.235,56
test00190,407351.976,7400128.588,1.277,56,407352.641,7400129.996,1.171,56
test00191,407352.252,7400128.548,1.303,56,407352.917,7400129.956,1.197,56
test00192,407352.535,7400128.591,1.323,56,407353.200,7400129.999,1.217,56
test00193,407352.796,7400128.632,1.388,56,407353.461,7400130.040,1.282,56
test00194,407353.119,7400128.533,1.405,56,407353.784,7400129.941,1.299,56
test00195,407353.374,7400128.518,1.377,56,407354.039,7400129.926,1.271,56
test00196,407353.651,7400128.639,1.351,56,407354.316,7400130.047,1.245,56
test00197,407353.904,7400128.633,1.235,56,407354.569,7400130.041,1.129,56
test00198,407354.268,7400128.63,1.092,56,407354.933,7400130.04,0.986,56
test00199,407354.577,7400128.561,0.95,56,407355.242,7400129.969,0.84,56
test00200,407355.076,7400128.671,0.804,56,407355.741,7400130.079,0.698,56
test00201,407355.433,7400128.621,0.704,56,407356.098,7400130.029,0.598,56
test00202,407355.688,7400128.598,0.702,56,407356.353,7400130.006,0.596,56
test00203,407355.949,7400128.698,0.613,56,407356.614,7400130.106,0.507,56
test00204,407356.32,7400128.707,0.56,56,407356.98,7400130.115,0.45,56
test00205,407356.686,7400128.7,0.576,56,407357.351,7400130.1,0.470,56
test00206,407356.989,7400128.763,0.575,56,407357.654,7400130.171,0.469,56
test00207,407357.318,7400128.72,0.565,56,407357.983,7400130.13,0.459,56
test00208,407357.675,7400128.683,0.417,56,407358.340,7400130.091,0.311,56
test00209,407358.117,7400128.787,0.334,56,407358.782,7400130.195,0.228,56
test00210,407358.543,7400128.831,0.318,56,407359.208,7400130.239,0.212,56
test00211,407358.969,7400128.823,0.21,56,407359.634,7400130.231,0.10,56
test00212,407359.398,7400128.85,0.131,56,407360.063,7400130.26,0.025,56
test00213,407359.788,7400128.811,0.142,56,407360.453,7400130.219,0.036,56
test00214,407360.157,7400128.772,0.119,56,407360.822,7400130.180,0.013,56
test00215,407360.584,7400128.799,0.036,56,407361.249,7400130.207,-0.070,56
test00216,407360.985,7400128.752,0.009,56,407361.650,7400130.160,-0.097,56
test00217,407361.309,7400128.664,-0.033,56,407361.974,7400130.072,-0.139,56
test00218,407361.647,7400128.642,-0.13,56,407362.312,7400130.050,-0.24,56
test00219,407361.988,7400128.501,-0.204,56,407362.653,7400129.909,-0.310,56
test00220,407362.306,7400128.393,-0.197,56,407362.971,7400129.801,-0.303,56
test00221,407362.56,7400128.238,-0.232,56,407363.22,7400129.646,-0.338,56
test00222,407362.734,7400127.859,-0.26,56,407363.399,7400129.267,-0.37,56
test00223,407362.776,7400127.525,-0.214,56,407363.441,7400128.933,-0.320,56
test00224,407362.83,7400127.09,-0.195,56,407363.49,7400128.50,-0.301,56
test00225,407362.71,7400126.861,-0.189,56,407363.38,7400128.269,-0.295,56
test00226,407362.39,7400126.599,-0.168,56,407363.05,7400128.007,-0.274,56
test00227,407362.064,7400126.365,-0.151,56,407362.729,7400127.773,-0.257,56
test00228,407361.814,7400126.26,-0.105,56,407362.479,7400127.67,-0.211,56
test00229,407361.566,7400126.064,-0.034,56,407362.231,7400127.472,-0.140,56
test00230,407361.366,7400125.903,-0.019,56,407362.031,7400127.311,-0.125,56
test00231,407361.107,7400125.936,0.014,56,407361.772,7400127.344,-0.092,56
test00232,407360.761,7400125.79,0.039,56,407361.426,7400127.20,-0.067,56
test00233,407360.494,7400125.544,0.068,56,407361.159,7400126.952,-0.038,56
test00234,407360.235,7400125.52,0.121,56,407360.900,7400126.93,0.015,56
test00235,407359.914,7400125.399,0.167,56,407360.579,7400126.807,0.061,56
test00236,407359.618,7400125.266,0.144,56,407360.283,7400126.674,0.038,56
test00237,407359.296,7400125.158,0.178,56,407359.961,7400126.566,0.072,56
test00238,407358.948,7400125.117,0.291,56,407359.613,7400126.525,0.185,56
test00239,407358.627,7400124.918,0.319,56,407359.292,7400126.326,0.213,56
test00240,407358.219,7400124.741,0.346,56,407358.884,7400126.149,0.240,56
test00241,407357.866,7400124.612,0.425,56,407358.531,7400126.020,0.319,56
test00242,407357.594,7400124.418,0.465,56,407358.259,7400125.826,0.359,56
test00243,407357.311,7400124.39,0.524,56,407357.976,7400125.80,0.418,56
test00244,407357.042,7400124.36,0.58,56,407357.707,7400125.77,0.47,56
test00245,407356.773,7400124.278,0.628,56,407357.438,7400125.686,0.522,56
test00246,407356.469,7400124.058,0.642,56,407357.134,7400125.466,0.536,56
test00247,407356.124,7400123.991,0.697,56,407356.789,7400125.399,0.591,56
test00248,407355.817,7400123.884,0.79,56,407356.482,7400125.292,0.68,56
test00249,407355.583,7400123.767,0.872,56,407356.248,7400125.175,0.766,56
test00250,407355.298,7400123.697,0.922,56,407355.963,7400125.105,0.816,56
test00251,407355.004,7400123.618,1.017,56,407355.669,7400125.026,0.911,56
test00252,407354.736,7400123.419,1.14,56,407355.401,7400124.827,1.03,56
test00253,407354.374,7400123.365,1.254,56,407355.039,7400124.773,1.148,56
test00254,407354.113,7400123.305,1.302,56,407354.778,7400124.713,1.196,56
test00255,407353.767,7400123.075,1.337,56,407354.432,7400124.483,1.231,56
test00256,407353.48,7400123.087,1.389,56,407354.15,7400124.495,1.283,56
test00257,407353.21,7400122.95,1.338,56,407353.88,7400124.36,1.232,56
test00258,407352.9,7400122.816,1.335,56,407353.6,7400124.224,1.229,56
test00259,407352.545,7400122.793,1.258,56,407353.210,7400124.201,1.152,56
test00260,407352.144,7400122.639,1.305,56,407352.809,7400124.047,1.199,56
test00261,407351.899,7400122.557,1.391,56,407352.564,7400123.965,1.285,56
test00262,407351.439,7400122.559,1.62,56,407352.104,7400123.967,1.51,56
test00263,407351.174,7400122.502,1.911,56,407351.839,7400123.910,1.805,56
test00264,407350.789,7400122.547,2.0,56,407351.454,7400123.955,1.9,56
test00265,407350.537,7400122.522,2.076,56,407351.202,7400123.930,1.970,56
test00266,407350.25,7400122.416,2.083,56,407350.91,7400123.824,1.977,56
test00267,407349.883,7400122.347,2.062,56,407350.548,7400123.755,1.956,56
test00268,407349.568,7400122.31,1.995,56,407350.233,7400123.72,1.889,56
test00269,407349.306,7400122.165,1.927,56,407349.971,7400123.573,1.821,56
test00270,407348.936,7400122.068,1.851,56,407349.601,7400123.476,1.745,56
test00271,407348.692,7400121.99,1.856,56,407349.357,7400123.40,1.750,56
test00272,407348.447,7400121.915,1.83,56,407349.112,7400123.323,1.72,56
test00273,407348.122,7400121.902,1.833,56,407348.787,7400123.310,1.727,56
test00274,407347.703,7400121.806,1.711,56,407348.368,7400123.214,1.605,56
test00275,407347.291,7400121.678,1.637,56,407347.956,7400123.086,1.531,56
test00276,407346.841,7400121.617,1.68,56,407347.506,7400123.025,1.57,56
test00277,407346.564,7400121.593,1.64,56,407347.229,7400123.001,1.53,56
test00278,407346.263,7400121.544,1.749,56,407346.928,7400122.952,1.643,56
test00279,407345.942,7400121.489,1.686,56,407346.607,7400122.897,1.580,56
test00280,407345.531,7400121.396,1.745,56,407346.196,7400122.804,1.639,56
test00281,407345.239,7400121.278,1.796,56,407345.904,7400122.686,1.690,56
test00282,407344.949,7400121.1,1.66,56,407345.614,7400122.5,1.55,56
test00283,407344.682,7400120.925,1.712,56,407345.347,7400122.333,1.606,56
test00284,407344.414,7400120.662,1.718,56,407345.079,7400122.070,1.612,56
test00285,407344.338,7400120.347,1.767,56,407345.003,7400121.755,1.661,56
test00286,407344.308,7400120.076,1.797,56,407344.973,7400121.484,1.691,56
test00287,407344.17,7400119.742,1.857,56,407344.84,7400121.150,1.751,56
test00288,407344.269,7400119.445,1.802,56,407344.934,7400120.853,1.696,56
test00289,407344.256,7400119.193,1.791,56,407344.921,7400120.601,1.685,56
test00290,407344.334,7400118.929,1.784,56,407344.999,7400120.337,1.678,56
test00291,407344.587,7400118.675,1.881,56,407345.252,7400120.083,1.775,56
test00292,407344.812,7400118.448,1.785,56,407345.477,7400119.856,1.679,56
test00293,407345.076,7400118.16,1.782,56,407345.741,7400119.57,1.676,56
test00294,407345.422,7400117.985,1.82,56,407346.087,7400119.393,1.71,56
test00295,407345.77,7400117.829,1.77,56,407346.43,7400119.237,1.66,56
test00296,407346.135,7400117.618,1.73,56,407346.800,7400119.026,1.62,56
test00297,407346.669,7400117.525,1.775,56,407347.334,7400118.933,1.669,56
test00298,407346.952,7400117.376,1.743,56,407347.617,7400118.784,1.637,56
test00299,407347.303,7400117.229,1.776,56,407347.968,7400118.637,1.670,56
test00300,407347.637,7400117.161,1.826,56,407348.302,7400118.569,1.720,56
test00301,407347.918,7400117.127,1.919,56,407348.583,7400118.535,1.813,56
test00302,407348.215,7400117.049,1.898,56,407348.880,7400118.457,1.792,56
test00303,407348.573,7400116.916,1.961,56,407349.238,7400118.324,1.855,56
test00304,407348.929,7400116.925,2.029,56,407349.594,7400118.333,1.923,56
test00305,407349.18,7400116.813,2.036,56,407349.84,7400118.221,1.930,56
test00306,407349.625,7400116.765,2.045,56,407350.290,7400118.173,1.939,56
test00307,407349.946,7400116.781,2.025,56,407350.611,7400118.189,1.919,56
test00308,407350.261,7400116.692,1.909,56,407350.926,7400118.100,1.803,56
test00309,407350.556,7400116.664,1.87,56,407351.221,7400118.072,1.76,56
test00310,407350.859,7400116.67,1.733,56,407351.524,7400118.08,1.627,56
test00311,407351.137,7400116.564,1.629,56,407351.802,7400117.972,1.523,56
test00312,407351.437,7400116.476,1.499,56,407352.102,7400117.884,1.393,56
test00313,407351.694,7400116.345,1.416,56,407352.359,7400117.753,1.310,56
test00314,407351.989,7400116.181,1.503,56,407352.654,7400117.589,1.397,56
test00315,407352.23,7400115.833,1.342,56,407352.90,7400117.241,1.236,56
test00316,407352.559,7400115.746,1.362,56,407353.224,7400117.154,1.256,56
test00317,407352.808,7400115.694,1.286,56,407353.473,7400117.102,1.180,56
test00318,407353.073,7400115.655,1.401,56,407353.738,7400117.063,1.295,56
test00319,407353.425,7400115.443,1.198,56,407354.090,7400116.851,1.092,56
test00320,407353.722,7400115.408,1.134,56,407354.387,7400116.816,1.028,56
test00321,407354.093,7400115.425,1.028,56,407354.758,7400116.833,0.922,56
test00322,407354.423,7400115.288,0.845,56,407355.088,7400116.696,0.739,56
test00323,407354.795,7400115.262,0.79,56,407355.460,7400116.670,0.68,56
test00324,407355.093,7400115.185,0.818,56,407355.758,7400116.593,0.712,56
test00325,407355.324,7400115.086,0.683,56,407355.989,7400116.494,0.577,56
test00326,407355.725,7400114.998,0.629,56,407356.390,7400116.406,0.523,56
test00327,407356.155,7400114.889,0.596,56,407356.820,7400116.297,0.490,56
test00328,407356.39,7400114.759,0.52,56,407357.05,7400116.167,0.41,56
test00329,407356.656,7400114.651,0.554,56,407357.321,7400116.059,0.448,56
test00330,407356.942,7400114.593,0.615,56,407357.607,7400116.001,0.509,56
test00331,407357.236,7400114.558,0.436,56,407357.901,7400115.966,0.330,56
test00332,407357.673,7400114.426,0.359,56,407358.338,7400115.834,0.253,56
test00333,407358.043,7400114.392,0.336,56,407358.708,7400115.800,0.230,56
test00334,407358.398,7400114.295,0.269,56,407359.063,7400115.703,0.163,56
test00335,407358.834,7400114.083,0.161,56,407359.499,7400115.491,0.055,56
test00336,407359.072,7400113.981,0.152,56,407359.737,7400115.389,0.046,56
test00337,407359.472,7400113.768,0.105,56,407360.137,7400115.176,-0.001,56
test00338,407359.707,7400113.661,0.017,56,407360.372,7400115.069,-0.089,56
test00339,407360.122,7400113.538,0.029,56,407360.787,7400114.946,-0.077,56
test00340,407360.601,7400113.341,0.106,56,407361.266,7400114.749,0.000,56
test00341,407360.85,7400113.2,-0.067,56,407361.52,7400114.6,-0.173,56
test00342,407361.212,7400113.103,-0.07,56,407361.877,7400114.511,-0.18,56
test00343,407361.514,7400113.004,-0.069,56,407362.179,7400114.412,-0.175,56
test00344,407361.769,7400112.816,-0.11,56,407362.434,7400114.224,-0.22,56
test00345,407362.083,7400112.678,-0.14,56,407362.748,7400114.086,-0.25,56
test00346,407361.973,7400112.266,-0.149,56,407362.638,7400113.674,-0.255,56
test00347,407361.88,7400111.947,-0.145,56,407362.54,7400113.355,-0.251,56
test00348,407361.792,7400111.53,-0.143,56,407362.457,7400112.94,-0.249,56
test00349,407361.495,7400111.33,-0.106,56,407362.160,7400112.74,-0.212,56
test00350,407361.18,7400111.165,-0.035,56,407361.84,7400112.573,-0.141,56
test00351,407360.947,7400110.88,-0.025,56,407361.612,7400112.29,-0.131,56
test00352,407360.774,7400110.691,0.008,56,407361.439,7400112.099,-0.098,56
test00353,407360.566,7400110.492,0.083,56,407361.231,7400111.900,-0.023,56
test00354,407360.396,7400110.308,0.039,56,407361.061,7400111.716,-0.067,56
test00355,407359.985,7400110.092,0.134,56,407360.650,7400111.500,0.028,56
test00356,407359.665,7400109.846,0.124,56,407360.330,7400111.254,0.018,56
test00357,407359.279,7400109.733,0.134,56,407359.944,7400111.141,0.028,56
test00358,407358.982,7400109.574,0.225,56,407359.647,7400110.982,0.119,56
test00359,407358.713,7400109.355,0.177,56,407359.378,7400110.763,0.071,56
test00360,407358.44,7400109.204,0.199,56,407359.10,7400110.612,0.093,56
test00361,407358.077,7400109.093,0.277,56,407358.742,7400110.501,0.171,56
test00362,407357.7,7400108.869,0.315,56,407358.4,7400110.277,0.209,56
test00363,407357.406,7400108.698,0.439,56,407358.071,7400110.106,0.333,56
test00364,407357.081,7400108.515,0.498,56,407357.746,7400109.923,0.392,56
test00365,407356.755,7400108.448,0.526,56,407357.420,7400109.856,0.420,56
test00366,407356.485,7400108.22,0.605,56,407357.150,7400109.63,0.499,56
test00367,407356.084,7400108.001,0.594,56,407356.749,7400109.409,0.488,56
test00368,407355.765,7400107.853,0.637,56,407356.430,7400109.261,0.531,56
test00369,407355.57,7400107.66,0.68,56,407356.23,7400109.07,0.57,56
test00370,407355.105,7400107.491,0.742,56,407355.770,7400108.899,0.636,56
test00371,407354.866,7400107.408,0.801,56,407355.531,7400108.816,0.695,56
test00372,407354.565,7400107.28,0.846,56,407355.230,7400108.69,0.740,56
test00373,407354.276,7400107.149,0.878,56,407354.941,7400108.557,0.772,56
test00374,407353.979,7400107.015,0.974,56,407354.644,7400108.423,0.868,56
test00375,407353.797,7400106.832,1.016,56,407354.462,7400108.240,0.910,56
test00376,407353.654,7400106.528,1.133,56,407354.319,7400107.936,1.027,56
test00377,407353.312,7400106.451,1.17,56,407353.977,7400107.859,1.06,56
test00378,407352.98,7400106.415,1.289,56,407353.65,7400107.823,1.183,56
test00379,407352.751,7400106.267,1.322,56,407353.416,7400107.675,1.216,56
test00380,407352.719,7400105.976,1.49,56,407353.384,7400107.384,1.38,56
test00381,407352.438,7400105.943,1.469,56,407353.103,7400107.351,1.363,56
test00382,407352.133,7400105.92,1.509,56,407352.798,7400107.33,1.403,56
test00383,407351.868,7400105.889,1.616,56,407352.533,7400107.297,1.510,56
test00384,407351.632,7400106.115,1.72,56,407352.297,7400107.523,1.61,56
test00385,407351.334,7400106.176,1.696,56,407351.999,7400107.584,1.590,56
test00386,407351.064,7400106.081,1.84,56,407351.729,7400107.489,1.73,56
test00387,407350.636,7400106.22,1.874,56,407351.301,7400107.63,1.768,56
test00388,407350.319,7400106.235,1.871,56,407350.984,7400107.643,1.765,56
test00389,407350.084,7400105.922,2.035,56,407350.749,7400107.330,1.929,56
test00390,407349.795,7400105.757,2.06,56,407350.460,7400107.165,1.95,56
test00391,407349.557,7400105.59,2.089,56,407350.222,7400107.00,1.983,56
test00392,407349.534,7400105.187,2.084,56,407350.199,7400106.595,1.978,56
test00393,407349.537,7400104.802,2.06,56,407350.202,7400106.210,1.95,56
test00394,407349.514,7400104.404,2.026,56,407350.179,7400105.812,1.920,56
test00395,407349.718,7400104.121,1.992,56,407350.383,7400105.529,1.886,56
test00396,407349.873,7400103.824,2.019,56,407350.538,7400105.232,1.913,56
test00397,407350.053,7400103.501,1.914,56,407350.718,7400104.909,1.808,56
test00398,407350.242,7400103.289,1.931,56,407350.907,7400104.697,1.825,56
test00399,407350.347,7400103.037,1.952,56,407351.012,7400104.445,1.846,56
test00400,407350.467,7400102.717,1.915,56,407351.132,7400104.125,1.809,56
test00401,407350.643,7400102.538,1.917,56,407351.308,7400103.946,1.811,56
test00402,407350.926,7400102.368,1.791,56,407351.591,7400103.776,1.685,56
test00403,407351.202,7400102.346,1.654,56,407351.867,7400103.754,1.548,56
test00404,407351.51,7400102.248,1.573,56,407352.17,7400103.656,1.467,56
test00405,407351.777,7400102.186,1.612,56,407352.442,7400103.594,1.506,56
test00406,407351.998,7400102.058,1.521,56,407352.663,7400103.466,1.415,56
test00407,407352.309,7400101.948,1.461,56,407352.974,7400103.356,1.355,56
test00408,407352.576,7400101.839,1.419,56,407353.241,7400103.247,1.313,56
test00409,407352.854,7400101.706,1.288,56,407353.519,7400103.114,1.182,56
test00410,407353.172,7400101.631,1.183,56,407353.837,7400103.039,1.077,56
test00411,407353.434,7400101.557,1.048,56,407354.099,7400102.965,0.942,56
test00412,407353.723,7400101.622,0.949,56,407354.388,7400103.030,0.843,56
test00413,407354.088,7400101.647,0.762,56,407354.753,7400103.055,0.656,56
test00414,407354.414,7400101.625,0.732,56,407355.079,7400103.033,0.626,56
test00415,407354.784,7400101.624,0.651,56,407355.449,7400103.032,0.545,56
test00416,407355.216,7400101.523,0.611,56,407355.881,7400102.931,0.505,56
test00417,407355.605,7400101.415,0.566,56,407356.270,7400102.823,0.460,56
test00418,407355.924,7400101.388,0.574,56,407356.589,7400102.796,0.468,56
test00419,407356.267,7400101.289,0.552,56,407356.932,7400102.697,0.446,56
test00420,407356.541,7400101.247,0.416,56,407357.206,7400102.655,0.310,56
test00421,407356.849,7400101.173,0.378,56,407357.514,7400102.581,0.272,56
test00422,407357.131,7400101.058,0.328,56,407357.796,7400102.466,0.222,56
test00423,407357.497,7400101.068,0.204,56,407358.162,7400102.476,0.098,56
test00424,407357.813,7400100.995,0.146,56,407358.478,7400102.403,0.040,56
test00425,407358.204,7400100.886,0.151,56,407358.869,7400102.294,0.045,56
test00426,407358.647,7400100.767,0.137,56,407359.312,7400102.175,0.031,56
test00427,407358.929,7400100.633,0.069,56,407359.594,7400102.041,-0.037,56
test00428,407359.195,7400100.542,0.072,56,407359.860,7400101.950,-0.034,56
test00429,407359.435,7400100.399,0.068,56,407360.100,7400101.807,-0.038,56
test00430,407359.587,7400100.146,0.032,56,407360.252,7400101.554,-0.074,56
test00431,407359.711,7400099.911,0.047,56,407360.376,7400101.319,-0.059,56
test00432,407359.797,7400099.638,0.053,56,407360.462,7400101.046,-0.053,56
test00433,407359.587,7400099.331,0.023,56,407360.252,7400100.739,-0.083,56
test00434,407359.389,7400099.166,0.087,56,407360.054,7400100.574,-0.019,56
test00435,407359.097,7400098.954,0.096,56,407359.762,7400100.362,-0.010,56
test00436,407358.869,7400098.782,0.129,56,407359.534,7400100.190,0.023,56
test00437,407358.654,7400098.648,0.174,56,407359.319,7400100.056,0.068,56
test00438,407358.328,7400098.496,0.243,56,407358.993,7400099.904,0.137,56
test00439,407357.853,7400098.481,0.392,56,407358.518,7400099.889,0.286,56
test00440,407357.598,7400098.333,0.379,56,407358.263,7400099.741,0.273,56
test00441,407357.476,7400098.11,0.423,56,407358.141,7400099.52,0.317,56
test00442,407357.198,7400097.972,0.476,56,407357.863,7400099.380,0.370,56
test00443,407356.927,7400097.748,0.46,56,407357.592,7400099.156,0.35,56
test00444,407356.724,7400097.529,0.539,56,407357.389,7400098.937,0.433,56
test00445,407356.404,7400097.397,0.554,56,407357.069,7400098.805,0.448,56
test00446,407356.061,7400097.23,0.638,56,407356.726,7400098.64,0.532,56
test00447,407355.737,7400096.992,0.658,56,407356.402,7400098.400,0.552,56
test00448,407355.356,7400096.835,0.696,56,407356.021,7400098.243,0.590,56
test00449,407354.992,7400096.725,0.799,56,407355.657,7400098.133,0.693,56
test00450,407354.641,7400096.486,0.903,56,407355.306,7400097.894,0.797,56
test00451,407354.441,7400096.332,0.975,56,407355.106,7400097.740,0.869,56
test00452,407353.999,7400096.16,1.142,56,407354.664,7400097.57,1.036,56
test00453,407353.766,7400095.901,1.219,56,407354.431,7400097.309,1.113,56
test00454,407353.51,7400095.784,1.299,56,407354.17,7400097.192,1.193,56
test00455,407353.212,7400095.703,1.386,56,407353.877,7400097.111,1.280,56
test00456,407352.86,7400095.454,1.485,56,407353.53,7400096.862,1.379,56
test00457,407352.683,7400095.277,1.533,56,407353.348,7400096.685,1.427,56
test00458,407352.304,7400095.073,1.71,56,407352.969,7400096.481,1.60,56
test00459,407352.157,7400094.764,1.786,56,407352.822,7400096.172,1.680,56
test00460,407351.949,7400094.592,1.782,56,407352.614,7400096.000,1.676,56
test00461,407351.684,7400094.366,1.834,56,407352.349,7400095.774,1.728,56
test00462,407351.455,7400094.046,1.793,56,407352.120,7400095.454,1.687,56
test00463,407351.215,7400093.716,1.831,56,407351.880,7400095.124,1.725,56
test00464,407350.976,7400093.59,1.87,56,407351.641,7400095.00,1.76,56
test00465,407350.728,7400093.344,1.963,56,407351.393,7400094.752,1.857,56
test00466,407350.5,7400093.036,1.984,56,407351.2,7400094.444,1.878,56
test00467,407350.268,7400092.835,2.011,56,407350.933,7400094.243,1.905,56
test00468,407350.018,7400092.622,2.081,56,407350.683,7400094.030,1.975,56
test00469,407349.862,7400092.399,2.041,56,407350.527,7400093.807,1.935,56
test00470,407349.735,7400092.08,2.12,56,407350.400,7400093.49,2.01,56
test00471,407349.615,7400091.826,2.124,56,407350.280,7400093.234,2.018,56
test00472,407349.463,7400091.564,2.137,56,407350.128,7400092.972,2.031,56
test00473,407349.417,7400091.303,2.161,56,407350.082,7400092.711,2.055,56
test00474,407349.235,7400091.066,2.119,56,407349.900,7400092.474,2.013,56
test00475,407349.024,7400090.838,2.127,56,407349.689,7400092.246,2.021,56
test00476,407348.856,7400090.461,2.131,56,407349.521,7400091.869,2.025,56
test00477,407348.692,7400090.13,2.134,56,407349.357,7400091.54,2.028,56
test00478,407348.561,7400089.784,2.191,56,407349.226,7400091.192,2.085,56
test00479,407348.592,7400089.496,2.14,56,407349.257,7400090.904,2.03,56
test00480,407348.699,7400089.164,2.151,56,407349.364,7400090.572,2.045,56
test00481,407348.702,7400088.821,2.155,56,407349.367,7400090.229,2.049,56
test00482,407348.938,7400088.627,2.113,56,407349.603,7400090.035,2.007,56
test00483,407349.134,7400088.41,2.094,56,407349.799,7400089.82,1.988,56
test00484,407349.221,7400088.14,2.127,56,407349.886,7400089.55,2.021,56
test00485,407349.535,7400087.978,2.118,56,407350.200,7400089.386,2.012,56
test00486,407349.754,7400087.837,2.136,56,407350.419,7400089.245,2.030,56
test00487,407349.981,7400087.542,2.093,56,407350.646,7400088.950,1.987,56
test00488,407350.242,7400087.405,2.087,56,407350.907,7400088.813,1.981,56
test00489,407350.522,7400087.185,2.071,56,407351.187,7400088.593,1.965,56
test00490,407350.738,7400086.936,2.028,56,407351.403,7400088.344,1.922,56
test00491,407351.0,7400086.901,1.977,56,407351.7,7400088.309,1.871,56
test00492,407351.255,7400086.906,1.998,56,407351.920,7400088.314,1.892,56
test00493,407351.481,7400086.757,1.913,56,407352.146,7400088.165,1.807,56
test00494,407351.814,7400086.689,1.794,56,407352.479,7400088.097,1.688,56
test00495,407352.069,7400086.569,1.65,56,407352.734,7400087.977,1.54,56
test00496,407352.351,7400086.461,1.649,56,407353.016,7400087.869,1.543,56
test00497,407352.682,7400086.408,1.536,56,407353.347,7400087.816,1.430,56
test00498,407352.985,7400086.258,1.438,56,407353.650,7400087.666,1.332,56
test00499,407353.253,7400086.104,1.417,56,407353.918,7400087.512,1.311,56
test00500,407353.561,7400085.963,1.243,56,407354.226,7400087.371,1.137,56
test00501,407353.801,7400085.778,1.206,56,407354.466,7400087.186,1.100,56
test00502,407353.968,7400085.546,1.174,56,407354.633,7400086.954,1.068,56
test00503,407354.163,7400085.248,1.011,56,407354.828,7400086.656,0.905,56
test00504,407354.374,7400085.027,1.017,56,407355.039,7400086.435,0.911,56
test00505,407354.655,7400085.094,0.82,56,407355.320,7400086.502,0.71,56
test00506,407354.927,7400085.072,0.799,56,407355.592,7400086.480,0.693,56
test00507,407355.293,7400084.948,0.686,56,407355.958,7400086.356,0.580,56
test00508,407355.681,7400084.964,0.591,56,407356.346,7400086.372,0.485,56
test00509,407355.984,7400084.943,0.568,56,407356.649,7400086.351,0.462,56
test00510,407356.298,7400084.863,0.548,56,407356.963,7400086.271,0.442,56
test00511,407356.589,7400084.831,0.477,56,407357.254,7400086.239,0.371,56
test00512,407356.87,7400084.738,0.399,56,407357.53,7400086.146,0.293,56
test00513,407357.218,7400084.588,0.388,56,407357.883,7400085.996,0.282,56
test00514,407357.537,7400084.58,0.28,56,407358.202,7400085.99,0.17,56
test00515,407357.868,7400084.562,0.266,56,407358.533,7400085.970,0.160,56
test00516,407358.229,7400084.504,0.247,56,407358.894,7400085.912,0.141,56
test00517,407358.572,7400084.421,0.17,56,407359.237,7400085.829,0.06,56
test00518,407358.82,7400084.27,0.104,56,407359.48,7400085.68,-0.002,56
test00519,407359.041,7400084.063,0.127,56,407359.706,7400085.471,0.021,56
test00520,407359.282,7400083.841,0.096,56,407359.947,7400085.249,-0.010,56
test00521,407359.407,7400083.561,0.054,56,407360.072,7400084.969,-0.052,56
test00522,407359.502,7400083.31,0.099,56,407360.167,7400084.72,-0.007,56
test00523,407359.611,7400082.985,0.073,56,407360.276,7400084.393,-0.033,56
test00524,407359.633,7400082.688,0.148,56,407360.298,7400084.096,0.042,56
test00525,407359.43,7400082.404,0.242,56,407360.09,7400083.812,0.136,56
test00526,407359.307,7400082.045,0.23,56,407359.972,7400083.453,0.12,56
test00527,407359.149,7400081.767,0.263,56,407359.814,7400083.175,0.157,56
test00528,407358.878,7400081.464,0.267,56,407359.543,7400082.872,0.161,56
test00529,407358.627,7400081.134,0.291,56,407359.292,7400082.542,0.185,56
test00530,407358.324,7400080.924,0.319,56,407358.989,7400082.332,0.213,56
test00531,407357.889,7400080.762,0.453,56,407358.554,7400082.170,0.347,56
test00532,407357.485,7400080.533,0.434,56,407358.150,7400081.941,0.328,56
test00533,407357.087,7400080.294,0.499,56,407357.752,7400081.702,0.393,56
test00534,407356.652,7400080.107,0.612,56,407357.317,7400081.515,0.506,56
test00535,407356.265,7400079.869,0.644,56,407356.930,7400081.277,0.538,56
test00536,407355.973,7400079.724,0.808,56,407356.638,7400081.132,0.702,56
test00537,407355.699,7400079.525,0.861,56,407356.364,7400080.933,0.755,56
test00538,407355.429,7400079.376,0.969,56,407356.094,7400080.784,0.863,56
test00539,407355.124,7400079.231,1.102,56,407355.789,7400080.639,0.996,56
test00540,407354.77,7400079.158,1.135,56,407355.43,7400080.566,1.029,56
test00541,407354.461,7400079.187,1.256,56,407355.126,7400080.595,1.150,56
test00542,407354.2,7400079.141,1.349,56,407354.9,7400080.549,1.243,56
test00543,407353.984,7400078.9,1.491,56,407354.649,7400080.3,1.385,56
test00544,407353.672,7400078.717,1.621,56,407354.337,7400080.125,1.515,56
test00545,407353.456,7400078.502,1.553,56,407354.121,7400079.910,1.447,56
test00546,407353.184,7400078.329,1.663,56,407353.849,7400079.737,1.557,56
test00547,407352.923,7400078.369,1.794,56,407353.588,7400079.777,1.688,56
test00548,407352.662,7400078.276,1.826,56,407353.327,7400079.684,1.720,56
test00549,407352.317,7400078.064,2.007,56,407352.982,7400079.472,1.901,56
test00550,407352.083,7400077.956,2.013,56,407352.748,7400079.364,1.907,56
test00551,407351.76,7400077.946,2.127,56,407352.42,7400079.354,2.021,56
test00552,407351.42,7400077.839,2.113,56,407352.09,7400079.247,2.007,56
test00553,407351.164,7400077.742,2.135,56,407351.829,7400079.150,2.029,56
test00554,407350.912,7400077.618,2.077,56,407351.577,7400079.026,1.971,56
test00555,407350.565,7400077.354,1.993,56,407351.230,7400078.762,1.887,56
test00556,407350.243,7400077.134,2.013,56,407350.908,7400078.542,1.907,56
test00557,407349.995,7400077.039,2.051,56,407350.660,7400078.447,1.945,56
test00558,407349.806,7400076.873,2.085,56,407350.471,7400078.281,1.979,56
test00559,407349.488,7400076.719,2.081,56,407350.153,7400078.127,1.975,56
test00560,407349.23,7400076.543,2.143,56,407349.90,7400077.951,2.037,56
test00561,407349.228,7400076.237,2.108,56,407349.893,7400077.645,2.002,56
test00562,407349.234,7400075.963,2.177,56,407349.899,7400077.371,2.071,56
test00563,407349.28,7400075.618,2.238,56,407349.95,7400077.026,2.132,56
test00564,407349.456,7400075.34,2.225,56,407350.121,7400076.75,2.119,56
test00565,407349.631,7400075.121,2.189,56,407350.296,7400076.529,2.083,56
test00566,407349.861,7400074.963,2.097,56,407350.526,7400076.371,1.991,56
test00567,407350.132,7400074.827,2.117,56,407350.797,7400076.235,2.011,56
test00568,407350.388,7400074.648,2.094,56,407351.053,7400076.056,1.988,56
test00569,407350.703,7400074.532,2.079,56,407351.368,7400075.940,1.973,56
test00570,407351.048,7400074.552,2.115,56,407351.713,7400075.960,2.009,56
test00571,407351.321,7400074.457,2.072,56,407351.986,7400075.865,1.966,56
test00572,407351.663,7400074.387,2.02,56,407352.328,7400075.795,1.91,56
test00573,407351.996,7400074.225,2.014,56,407352.661,7400075.633,1.908,56
test00574,407352.264,7400074.065,2.03,56,407352.929,7400075.473,1.92,56
test00575,407352.555,7400074.102,1.872,56,407353.220,7400075.510,1.766,56
test00576,407352.855,7400073.936,1.751,56,407353.520,7400075.344,1.645,56
test00577,407353.212,7400073.964,1.615,56,407353.877,7400075.372,1.509,56
test00578,407353.471,7400073.945,1.58,56,407354.136,7400075.353,1.47,56
test00579,407353.73,7400073.869,1.568,56,407354.40,7400075.277,1.462,56
test00580,407354.08,7400073.854,1.509,56,407354.74,7400075.262,1.403,56
test00581,407354.352,7400073.775,1.4,56,407355.017,7400075.183,1.3,56
test00582,407354.74,7400073.778,1.14,56,407355.41,7400075.186,1.03,56
test00583,407355.061,7400073.702,1.113,56,407355.726,7400075.110,1.007,56
test00584,407355.218,7400073.499,0.877,56,407355.883,7400074.907,0.771,56
test00585,407355.57,7400073.47,0.773,56,407356.23,7400074.88,0.667,56
test00586,407355.896,7400073.334,0.676,56,407356.561,7400074.742,0.570,56
test00587,407356.245,7400073.186,0.657,56,407356.910,7400074.594,0.551,56
test00588,407356.66,7400073.087,0.628,56,407357.33,7400074.495,0.522,56
test00589,407356.962,7400072.911,0.551,56,407357.627,7400074.319,0.445,56
test00590,407357.304,7400072.782,0.523,56,407357.969,7400074.190,0.417,56
test00591,407357.693,7400072.677,0.456,56,407358.358,7400074.085,0.350,56
test00592,407358.113,7400072.465,0.346,56,407358.778,7400073.873,0.240,56
test00593,407358.524,7400072.307,0.316,56,407359.189,7400073.715,0.210,56
test00594,407358.913,7400072.121,0.294,56,407359.578,7400073.529,0.188,56
test00595,407359.244,7400071.924,0.239,56,407359.909,7400073.332,0.133,56
test00596,407359.697,7400071.679,0.213,56,407360.362,7400073.087,0.107,56
test00597,407359.94,7400071.498,0.258,56,407360.60,7400072.906,0.152,56
test00598,407360.159,7400071.34,0.216,56,407360.824,7400072.75,0.110,56
test00599,407360.349,7400071.06,0.108,56,407361.014,7400072.47,0.002,56
test00600,407360.612,7400070.868,0.083,56,407361.277,7400072.276,-0.023,56
test00601,407360.735,7400070.556,0.03,56,407361.400,7400071.964,-0.08,56
test00602,407360.638,7400070.215,0.082,56,407361.303,7400071.623,-0.024,56
test00603,407360.351,7400069.916,0.184,56,407361.016,7400071.324,0.078,56
test00604,407359.985,7400069.611,0.24,56,407360.650,7400071.019,0.13,56
test00605,407359.762,7400069.353,0.241,56,407360.427,7400070.761,0.135,56
test00606,407359.57,7400069.07,0.291,56,407360.23,7400070.48,0.185,56
test00607,407359.109,7400068.852,0.319,56,407359.774,7400070.260,0.213,56
test00608,407358.697,7400068.652,0.41,56,407359.362,7400070.060,0.30,56
test00609,407358.322,7400068.425,0.493,56,407358.987,7400069.833,0.387,56
test00610,407357.895,7400068.224,0.511,56,407358.560,7400069.632,0.405,56
test00611,407357.496,7400068.057,0.594,56,407358.161,7400069.465,0.488,56
test00612,407357.201,7400067.9,0.653,56,407357.866,7400069.3,0.547,56
test00613,407356.908,7400067.772,0.706,56,407357.573,7400069.180,0.600,56
test00614,407356.634,7400067.651,0.808,56,407357.299,7400069.059,0.702,56
test00615,407356.42,7400067.463,0.823,56,407357.09,7400068.871,0.717,56
test00616,407356.224,7400067.294,0.907,56,407356.889,7400068.702,0.801,56
test00617,407355.998,7400067.151,1.012,56,407356.663,7400068.559,0.906,56
test00618,407355.734,7400066.891,1.088,56,407356.399,7400068.299,0.982,56
test00619,407355.441,7400066.719,1.217,56,407356.106,7400068.127,1.111,56
test00620,407355.17,7400066.418,1.359,56,407355.84,7400067.826,1.253,56
test00621,407355.016,7400066.209,1.428,56,407355.681,7400067.617,1.322,56
test00622,407354.619,7400066.168,1.629,56,407355.284,7400067.576,1.523,56
test00623,407354.242,7400066.118,1.695,56,407354.907,7400067.526,1.589,56
test00624,407354.084,7400065.909,1.731,56,407354.749,7400067.317,1.625,56
test00625,407353.918,7400065.676,1.797,56,407354.583,7400067.084,1.691,56
test00626,407353.469,7400065.52,1.872,56,407354.134,7400066.93,1.766,56
test00627,407353.083,7400065.457,1.934,56,407353.748,7400066.865,1.828,56
test00628,407352.774,7400065.23,2.056,56,407353.439,7400066.64,1.950,56
test00629,407352.693,7400064.963,2.005,56,407353.358,7400066.371,1.899,56
test00630,407352.883,7400064.72,1.999,56,407353.548,7400066.13,1.893,56
test00631,407352.89,7400064.462,1.974,56,407353.55,7400065.870,1.868,56
test00632,407352.895,7400064.065,1.944,56,407353.560,7400065.473,1.838,56
test00633,407352.933,7400063.785,1.873,56,407353.598,7400065.193,1.767,56
test00634,407353.114,7400063.57,1.816,56,407353.779,7400064.98,1.710,56
test00635,407353.349,7400063.404,1.728,56,407354.014,7400064.812,1.622,56
test00636,407353.588,7400063.312,1.749,56,407354.253,7400064.720,1.643,56
test00637,407353.982,7400063.334,1.716,56,407354.647,7400064.742,1.610,56
test00638,407354.281,7400063.148,1.618,56,407354.946,7400064.556,1.512,56
test00639,407354.625,7400063.027,1.551,56,407355.290,7400064.435,1.445,56
test00640,407354.913,7400062.826,1.413,56,407355.578,7400064.234,1.307,56
test00641,407355.064,7400062.601,1.418,56,407355.729,7400064.009,1.312,56
test00642,407355.326,7400062.58,1.273,56,407355.991,7400063.99,1.167,56
test00643,407355.58,7400062.493,1.097,56,407356.24,7400063.901,0.991,56
test00644,407355.93,7400062.422,1.158,56,407356.59,7400063.830,1.052,56
test00645,407356.235,7400062.307,1.121,56,407356.900,7400063.715,1.015,56
test00646,407356.489,7400062.196,1.017,56,407357.154,7400063.604,0.911,56
test00647,407356.749,7400062.151,0.785,56,407357.414,7400063.559,0.679,56
test00648,407357.051,7400062.076,0.739,56,407357.716,7400063.484,0.633,56
test00649,407357.372,7400062.03,0.653,56,407358.037,7400063.44,0.547,56
test00650,407357.712,7400061.831,0.553,56,407358.377,7400063.239,0.447,56
test00651,407358.063,7400061.724,0.608,56,407358.728,7400063.132,0.502,56
test00652,407358.412,7400061.647,0.553,56,407359.077,7400063.055,0.447,56
test00653,407358.761,7400061.472,0.466,56,407359.426,7400062.880,0.360,56
test00654,407359.048,7400061.331,0.468,56,407359.713,7400062.739,0.362,56
test00655,407359.315,7400061.201,0.512,56,407359.980,7400062.609,0.406,56
test00656,407359.554,7400060.95,0.362,56,407360.219,7400062.36,0.256,56
test00657,407359.82,7400060.771,0.272,56,407360.48,7400062.179,0.166,56
test00658,407359.982,7400060.517,0.242,56,407360.647,7400061.925,0.136,56
test00659,407360.154,7400060.292,0.193,56,407360.819,7400061.700,0.087,56
test00660,407360.264,7400060.035,0.143,56,407360.929,7400061.443,0.037,56
test00661,407360.181,7400059.634,0.19,56,407360.846,7400061.042,0.08,56
test00662,407360.023,7400059.277,0.291,56,407360.688,7400060.685,0.185,56
test00663,407359.839,7400059.027,0.297,56,407360.504,7400060.435,0.191,56
test00664,407359.652,7400058.783,0.365,56,407360.317,7400060.191,0.259,56
test00665,407359.311,7400058.437,0.43,56,407359.976,7400059.845,0.32,56
test00666,407359.024,7400058.213,0.429,56,407359.689,7400059.621,0.323,56
test00667,407358.798,7400058.064,0.523,56,407359.463,7400059.472,0.417,56
test00668,407358.543,7400057.839,0.582,56,407359.208,7400059.247,0.476,56
test00669,407358.352,7400057.676,0.672,56,407359.017,7400059.084,0.566,56
test00670,407358.008,7400057.47,0.687,56,407358.673,7400058.88,0.581,56
test00671,407357.727,7400057.333,0.747,56,407358.392,7400058.741,0.641,56
test00672,407357.365,7400057.115,0.821,56,407358.030,7400058.523,0.715,56
test00673,407357.059,7400057.038,0.908,56,407357.724,7400058.446,0.802,56
test00674,407356.789,7400056.959,0.893,56,407357.454,7400058.367,0.787,56
test00675,407356.53,7400056.95,1.096,56,407357.20,7400058.36,0.990,56
test00676,407356.39,7400056.705,1.171,56,407357.05,7400058.113,1.065,56
test00677,407356.061,7400056.558,1.352,56,407356.726,7400057.966,1.246,56
test00678,407355.712,7400056.391,1.532,56,407356.377,7400057.799,1.426,56
test00679,407355.466,7400056.296,1.595,56,407356.131,7400057.704,1.489,56
test00680,407355.305,7400056.075,1.706,56,407355.970,7400057.483,1.600,56
test00681,407355.047,7400055.933,1.687,56,407355.712,7400057.341,1.581,56
test00682,407354.71,7400055.782,1.648,56,407355.38,7400057.190,1.542,56
test00683,407354.548,7400055.691,1.63,56,407355.213,7400057.099,1.52,56
test00684,407354.835,7400055.652,1.697,56,407355.500,7400057.060,1.591,56
test00685,407355.084,7400055.554,1.753,56,407355.749,7400056.962,1.647,56
test00686,407355.397,7400055.517,1.57,56,407356.062,7400056.925,1.46,56
test00687,407355.669,7400055.438,1.637,56,407356.334,7400056.846,1.531,56
test00688,407355.971,7400055.34,1.51,56,407356.636,7400056.75,1.40,56
test00689,407356.223,7400055.299,1.453,56,407356.888,7400056.707,1.347,56
test00690,407356.509,7400055.229,1.302,56,407357.174,7400056.637,1.196,56
test00691,407356.885,7400055.274,1.154,56,407357.550,7400056.682,1.048,56
test00692,407357.233,7400055.252,1.148,56,407357.898,7400056.660,1.042,56
test00693,407357.529,7400055.196,0.972,56,407358.194,7400056.604,0.866,56
test00694,407357.798,7400055.237,0.814,56,407358.463,7400056.645,0.708,56
test00695,407358.214,7400055.287,0.737,56,407358.879,7400056.695,0.631,56
test00696,407358.507,7400055.301,0.652,56,407359.172,7400056.709,0.546,56
test00697,407358.854,7400055.38,0.609,56,407359.519,7400056.79,0.503,56
test00698,407359.246,7400055.456,0.525,56,407359.911,7400056.864,0.419,56
test00699,407359.538,7400055.574,0.473,56,407360.203,7400056.982,0.367,56
test00700,407359.878,7400055.607,0.407,56,407360.543,7400057.015,0.301,56
test00701,407360.217,7400055.625,0.348,56,407360.882,7400057.033,0.242,56
test00702,407360.57,7400055.693,0.29,56,407361.23,7400057.101,0.18,56
test00703,407360.906,7400055.671,0.214,56,407361.571,7400057.079,0.108,56
test00704,407361.234,7400055.775,0.151,56,407361.899,7400057.183,0.045,56
test00705,407361.505,7400055.768,0.17,56,407362.170,7400057.176,0.06,56
test00706,407361.914,7400055.757,0.061,56,407362.579,7400057.165,-0.045,56
test00707,407362.166,7400055.808,0.079,56,407362.831,7400057.216,-0.027,56
test00708,407362.403,7400055.887,0.083,56,407363.068,7400057.295,-0.023,56
test00709,407362.774,7400056.062,0.099,56,407363.439,7400057.470,-0.007,56
test00710,407363.136,7400056.303,0.047,56,407363.801,7400057.711,-0.059,56
test00711,407363.421,7400056.543,-0.031,56,407364.086,7400057.951,-0.137,56
test00712,407363.688,7400056.729,0.018,56,407364.353,7400058.137,-0.088,56
test00713,407364.097,7400056.916,-0.032,56,407364.762,7400058.324,-0.138,56
test00714,407364.399,7400057.115,-0.048,56,407365.064,7400058.523,-0.154,56
test00715,407364.65,7400057.354,0.016,56,407365.32,7400058.762,-0.090,56
test00716,407364.902,7400057.645,-0.053,56,407365.567,7400059.053,-0.159,56
test00717,407365.086,7400057.983,-0.09,56,407365.751,7400059.391,-0.20,56
test00718,407365.213,7400058.36,-0.014,56,407365.878,7400059.77,-0.120,56
test00719,407365.344,7400058.757,-0.032,56,407366.009,7400060.165,-0.138,56
test00720,407365.397,7400059.103,-0.059,56,407366.062,7400060.511,-0.165,56
test00721,407365.466,7400059.399,-0.047,56,407366.131,7400060.807,-0.153,56
test00722,407365.647,7400059.698,-0.084,56,407366.312,7400061.106,-0.190,56
test00723,407365.677,7400059.961,-0.093,56,407366.342,7400061.369,-0.199,56
test00724,407365.754,7400060.341,-0.096,56,407366.419,7400061.749,-0.202,56
test00725,407365.829,7400060.622,-0.091,56,407366.494,7400062.030,-0.197,56
test00726,407365.804,7400060.898,-0.074,56,407366.469,7400062.306,-0.180,56
test00727,407365.892,7400061.186,-0.102,56,407366.557,7400062.594,-0.208,56
test00728,407365.873,7400061.521,-0.059,56,407366.538,7400062.929,-0.165,56
test00729,407365.787,7400061.781,-0.061,56,407366.452,7400063.189,-0.167,56
test00730,407365.959,7400062.113,-0.052,56,407366.624,7400063.521,-0.158,56
test00731,407366.023,7400062.358,-0.086,56,407366.688,7400063.766,-0.192,56
test00732,407366.035,7400062.649,-0.088,56,407366.700,7400064.057,-0.194,56
test00733,407366.141,7400062.875,-0.108,56,407366.806,7400064.283,-0.214,56
test00734,407366.234,7400063.15,-0.112,56,407366.899,7400064.56,-0.218,56
test00735,407366.363,7400063.509,-0.061,56,407367.028,7400064.917,-0.167,56
test00736,407366.529,7400063.821,-0.092,56,407367.194,7400065.229,-0.198,56
test00737,407366.691,7400064.125,-0.107,56,407367.356,7400065.533,-0.213,56
test00738,407366.817,7400064.452,-0.077,56,407367.482,7400065.860,-0.183,56
test00739,407366.974,7400064.764,-0.114,56,407367.639,7400066.172,-0.220,56
test00740,407367.108,7400065.032,-0.091,56,407367.773,7400066.440,-0.197,56
test00741,407367.171,7400065.289,-0.099,56,407367.836,7400066.697,-0.205,56
test00742,407367.335,7400065.581,-0.1,56,407368.000,7400066.989,-0.2,56
test00743,407367.476,7400065.789,-0.103,56,407368.141,7400067.197,-0.209,56
test00744,407367.557,7400066.039,-0.098,56,407368.222,7400067.447,-0.204,56
test00745,407367.698,7400066.319,-0.107,56,407368.363,7400067.727,-0.213,56
test00746,407367.835,7400066.587,-0.095,56,407368.500,7400067.995,-0.201,56
test00747,407367.84,7400066.913,-0.097,56,407368.51,7400068.321,-0.203,56
test00748,407367.882,7400067.16,-0.058,56,407368.547,7400068.57,-0.164,56
test00749,407368.12,7400067.299,-0.102,56,407368.78,7400068.707,-0.208,56
test00750,407368.283,7400067.555,-0.047,56,407368.948,7400068.963,-0.153,56
test00751,407368.201,7400067.809,-0.037,56,407368.866,7400069.217,-0.143,56
test00752,407368.274,7400068.22,-0.09,56,407368.939,7400069.63,-0.20,56
test00753,407368.341,7400068.52,-0.068,56,407369.006,7400069.93,-0.174,56
test00754,407368.277,7400068.845,-0.049,56,407368.942,7400070.253,-0.155,56
test00755,407368.333,7400069.182,-0.088,56,407368.998,7400070.590,-0.194,56
test00756,407368.413,7400069.571,-0.046,56,407369.078,7400070.979,-0.152,56
test00757,407368.388,7400069.977,-0.031,56,407369.053,7400071.385,-0.137,56
test00758,407368.48,7400070.327,-0.044,56,407369.15,7400071.735,-0.150,56
test00759,407368.556,7400070.689,0.013,56,407369.221,7400072.097,-0.093,56
test00760,407368.572,7400071.087,-0.007,56,407369.237,7400072.495,-0.113,56
test00761,407368.62,7400071.394,0.014,56,407369.28,7400072.802,-0.092,56
test00762,407368.72,7400071.686,0.068,56,407369.39,7400073.094,-0.038,56
test00763,407368.769,7400072.115,0.056,56,407369.434,7400073.523,-0.050,56
test00764,407368.917,7400072.463,0.061,56,407369.582,7400073.871,-0.045,56
test00765,407369.062,7400072.784,0.054,56,407369.727,7400074.192,-0.052,56
test00766,407369.161,7400073.14,-0.019,56,407369.826,7400074.55,-0.125,56
test00767,407369.261,7400073.497,-0.071,56,407369.926,7400074.905,-0.177,56
test00768,407369.401,7400073.889,-0.117,56,407370.066,7400075.297,-0.223,56
test00769,407369.482,7400074.314,-0.162,56,407370.147,7400075.722,-0.268,56
test00770,407369.599,7400074.675,-0.15,56,407370.264,7400076.083,-0.26,56
test00771,407369.738,7400075.034,-0.167,56,407370.403,7400076.442,-0.273,56
test00772,407369.789,7400075.364,-0.324,56,407370.454,7400076.772,-0.430,56
test00773,407369.859,7400075.718,-0.336,56,407370.524,7400077.126,-0.442,56
test00774,407369.943,7400076.207,-0.364,56,407370.608,7400077.615,-0.470,56
test00775,407369.982,7400076.505,-0.347,56,407370.647,7400077.913,-0.453,56
test00776,407369.993,7400076.889,-0.311,56,407370.658,7400078.297,-0.417,56
test00777,407370.039,7400077.303,-0.349,56,407370.704,7400078.711,-0.455,56
test00778,407370.061,7400077.713,-0.307,56,407370.726,7400079.121,-0.413,56
test00779,407370.065,7400078.101,-0.243,56,407370.730,7400079.509,-0.349,56
test00780,407370.124,7400078.524,-0.306,56,407370.789,7400079.932,-0.412,56
test00781,407370.1,7400078.971,-0.343,56,407370.8,7400080.379,-0.449,56
test00782,407370.075,7400079.419,-0.327,56,407370.740,7400080.827,-0.433,56
test00783,407370.12,7400079.903,-0.335,56,407370.78,7400081.311,-0.441,56
test00784,407370.069,7400080.35,-0.359,56,407370.734,7400081.76,-0.465,56
test00785,407370.006,7400080.769,-0.352,56,407370.671,7400082.177,-0.458,56
test00786,407369.951,7400081.208,-0.305,56,407370.616,7400082.616,-0.411,56
test00787,407369.889,7400081.637,-0.373,56,407370.554,7400083.045,-0.479,56
test00788,407369.861,7400082.09,-0.379,56,407370.526,7400083.50,-0.485,56
test00789,407369.886,7400082.551,-0.369,56,407370.551,7400083.959,-0.475,56
test00790,407369.814,7400082.96,-0.404,56,407370.479,7400084.37,-0.510,56
test00791,407369.766,7400083.335,-0.382,56,407370.431,7400084.743,-0.488,56
test00792,407369.68,7400083.723,-0.35,56,407370.34,7400085.131,-0.46,56
test00793,407369.564,7400084.081,-0.371,56,407370.229,7400085.489,-0.477,56
test00794,407369.485,7400084.451,-0.394,56,407370.150,7400085.859,-0.500,56
test00795,407369.423,7400084.901,-0.349,56,407370.088,7400086.309,-0.455,56
test00796,407369.339,7400085.319,-0.335,56,407370.004,7400086.727,-0.441,56
test00797,407369.326,7400085.722,-0.358,56,407369.991,7400087.130,-0.464,56
test00798,407369.276,7400086.101,-0.345,56,407369.941,7400087.509,-0.451,56
test00799,407369.171,7400086.48,-0.306,56,407369.836,7400087.89,-0.412,56
test00800,407369.155,7400086.903,-0.352,56,407369.820,7400088.311,-0.458,56
test00801,407369.078,7400087.32,-0.327,56,407369.743,7400088.73,-0.433,56
test00802,407368.993,7400087.726,-0.291,56,407369.658,7400089.134,-0.397,56
test00803,407368.992,7400088.181,-0.317,56,407369.657,7400089.589,-0.423,56
test00804,407368.99,7400088.538,-0.328,56,407369.66,7400089.946,-0.434,56
test00805,407369.036,7400088.893,-0.301,56,407369.701,7400090.301,-0.407,56
test00806,407369.053,7400089.296,-0.281,56,407369.718,7400090.704,-0.387,56
test00807,407368.979,7400089.711,-0.313,56,407369.644,7400091.119,-0.419,56
test00808,407368.946,7400089.986,-0.249,56,407369.611,7400091.394,-0.355,56
test00809,407368.958,7400090.381,-0.293,56,407369.623,7400091.789,-0.399,56
test00810,407368.965,7400090.785,-0.305,56,407369.630,7400092.193,-0.411,56
test00811,407368.955,7400091.192,-0.299,56,407369.620,7400092.600,-0.405,56
test00812,407368.988,7400091.609,-0.314,56,407369.653,7400093.017,-0.420,56
test00813,407368.971,7400091.979,-0.345,56,407369.636,7400093.387,-0.451,56
test00814,407368.917,7400092.338,-0.282,56,407369.582,7400093.746,-0.388,56
test00815,407368.926,7400092.768,-0.342,56,407369.591,7400094.176,-0.448,56
test00816,407368.866,7400093.209,-0.323,56,407369.531,7400094.617,-0.429,56
test00817,407368.807,7400093.454,-0.297,56,407369.472,7400094.862,-0.403,56
test00818,407368.743,7400093.905,-0.29,56,407369.408,7400095.313,-0.40,56
test00819,407368.647,7400094.383,-0.255,56,407369.312,7400095.791,-0.361,56
test00820,407368.534,7400094.783,-0.274,56,407369.199,7400096.191,-0.380,56
test00821,407368.473,7400095.138,-0.274,56,407369.138,7400096.546,-0.380,56
test00822,407368.472,7400095.542,-0.255,56,407369.137,7400096.950,-0.361,56
test00823,407368.35,7400095.888,-0.282,56,407369.02,7400097.296,-0.388,56
test00824,407368.289,7400096.232,-0.235,56,407368.954,7400097.640,-0.341,56
test00825,407368.244,7400096.662,-0.25,56,407368.909,7400098.070,-0.36,56
test00826,407368.141,7400097.027,-0.241,56,407368.806,7400098.435,-0.347,56
test00827,407368.125,7400097.358,-0.266,56,407368.790,7400098.766,-0.372,56
test00828,407368.138,7400097.789,-0.228,56,407368.803,7400099.197,-0.334,56
test00829,407368.072,7400098.2,-0.316,56,407368.737,7400099.6,-0.422,56
test00830,407368.04,7400098.654,-0.283,56,407368.71,7400100.062,-0.389,56
test00831,407368.064,7400098.912,-0.289,56,407368.729,7400100.320,-0.395,56
test00832,407368.035,7400099.374,-0.255,56,407368.700,7400100.782,-0.361,56
test00833,407367.968,7400099.617,-0.243,56,407368.633,7400101.025,-0.349,56
test00834,407367.903,7400100.077,-0.244,56,407368.568,7400101.485,-0.350,56
test00835,407367.892,7400100.337,-0.249,56,407368.557,7400101.745,-0.355,56
test00836,407367.817,7400100.806,-0.258,56,407368.482,7400102.214,-0.364,56
test00837,407367.744,7400101.224,-0.195,56,407368.409,7400102.632,-0.301,56
test00838,407367.696,7400101.667,-0.231,56,407368.361,7400103.075,-0.337,56
test00839,407367.612,7400102.115,-0.236,56,407368.277,7400103.523,-0.342,56
test00840,407367.52,7400102.582,-0.198,56,407368.18,7400103.990,-0.304,56
test00841,407367.486,7400102.913,-0.181,56,407368.151,7400104.321,-0.287,56
test00842,407367.423,7400103.357,-0.192,56,407368.088,7400104.765,-0.298,56
test00843,407367.31,7400103.693,-0.142,56,407367.97,7400105.101,-0.248,56
test00844,407367.224,7400104.097,-0.147,56,407367.889,7400105.505,-0.253,56
test00845,407367.119,7400104.496,-0.221,56,407367.784,7400105.904,-0.327,56
test00846,407367.069,7400104.875,-0.19,56,407367.734,7400106.283,-0.30,56
test00847,407367.112,7400105.348,-0.188,56,407367.777,7400106.756,-0.294,56
test00848,407367.098,7400105.778,-0.238,56,407367.763,7400107.186,-0.344,56
test00849,407367.155,7400106.185,-0.238,56,407367.820,7400107.593,-0.344,56
test00850,407367.258,7400106.634,-0.198,56,407367.923,7400108.042,-0.304,56
test00851,407367.331,7400107.072,-0.209,56,407367.996,7400108.480,-0.315,56
test00852,407367.439,7400107.464,-0.23,56,407368.104,7400108.872,-0.34,56
test00853,407367.559,7400107.877,-0.185,56,407368.224,7400109.285,-0.291,56
test00854,407367.625,7400108.314,-0.225,56,407368.290,7400109.722,-0.331,56
test00855,407367.716,7400108.761,-0.245,56,407368.381,7400110.169,-0.351,56
test00856,407367.79,7400109.191,-0.191,56,407368.46,7400110.599,-0.297,56
test00857,407367.792,7400109.633,-0.211,56,407368.457,7400111.041,-0.317,56
test00858,407367.822,7400110.046,-0.247,56,407368.487,7400111.454,-0.353,56
test00859,407367.825,7400110.496,-0.252,56,407368.490,7400111.904,-0.358,56
test00860,407367.757,7400110.937,-0.279,56,407368.422,7400112.345,-0.385,56
test00861,407367.743,7400111.461,-0.325,56,407368.408,7400112.869,-0.431,56
test00862,407367.68,7400111.875,-0.313,56,407368.34,7400113.283,-0.419,56
test00863,407367.578,7400112.273,-0.293,56,407368.243,7400113.681,-0.399,56
test00864,407367.582,7400112.799,-0.275,56,407368.247,7400114.207,-0.381,56
test00865,407367.525,7400113.217,-0.301,56,407368.190,7400114.625,-0.407,56
test00866,407367.443,7400113.627,-0.258,56,407368.108,7400115.035,-0.364,56
test00867,407367.379,7400114.036,-0.293,56,407368.044,7400115.444,-0.399,56
test00868,407367.348,7400114.395,-0.287,56,407368.013,7400115.803,-0.393,56
test00869,407367.374,7400114.739,-0.289,56,407368.039,7400116.147,-0.395,56
test00870,407367.574,7400115.102,-0.361,56,407368.239,7400116.510,-0.467,56
test00871,407367.606,7400115.514,-0.383,56,407368.271,7400116.922,-0.489,56
test00872,407367.521,7400115.924,-0.335,56,407368.186,7400117.332,-0.441,56
test00873,407367.563,7400116.293,-0.346,56,407368.228,7400117.701,-0.452,56
test00874,407367.469,7400116.645,-0.383,56,407368.134,7400118.053,-0.489,56
test00875,407367.365,7400117.01,-0.334,56,407368.030,7400118.42,-0.440,56
test00876,407367.447,7400117.583,-0.301,56,407368.112,7400118.991,-0.407,56
test00877,407367.394,7400117.828,-0.326,56,407368.059,7400119.236,-0.432,56
test00878,407367.256,7400118.147,-0.227,56,407367.921,7400119.555,-0.333,56
test00879,407367.251,7400118.514,-0.302,56,407367.916,7400119.922,-0.408,56
test00880,407367.21,7400118.859,-0.274,56,407367.88,7400120.267,-0.380,56
test00881,407367.068,7400119.248,-0.292,56,407367.733,7400120.656,-0.398,56
test00882,407367.051,7400119.649,-0.328,56,407367.716,7400121.057,-0.434,56
test00883,407367.034,7400120.075,-0.294,56,407367.699,7400121.483,-0.400,56
test00884,407366.9,7400120.443,-0.278,56,407367.6,7400121.851,-0.384,56
test00885,407366.866,7400120.85,-0.324,56,407367.531,7400122.26,-0.430,56
test00886,407366.832,7400121.265,-0.291,56,407367.497,7400122.673,-0.397,56
test00887,407366.794,7400121.667,-0.25,56,407367.459,7400123.075,-0.36,56
test00888,407366.874,7400122.033,-0.302,56,407367.539,7400123.441,-0.408,56
test00889,407366.917,7400122.393,-0.332,56,407367.582,7400123.801,-0.438,56
test00890,407366.936,7400122.818,-0.271,56,407367.601,7400124.226,-0.377,56
test00891,407367.142,7400123.297,-0.248,56,407367.807,7400124.705,-0.354,56
test00892,407367.204,7400123.727,-0.258,56,407367.869,7400125.135,-0.364,56
test00893,407367.173,7400124.096,-0.201,56,407367.838,7400125.504,-0.307,56
test00894,407367.247,7400124.531,-0.239,56,407367.912,7400125.939,-0.345,56
test00895,407367.252,7400124.907,-0.215,56,407367.917,7400126.315,-0.321,56
test00896,407367.188,7400125.287,-0.183,56,407367.853,7400126.695,-0.289,56
test00897,407367.22,7400125.683,-0.241,56,407367.89,7400127.091,-0.347,56
test00898,407367.207,7400126.078,-0.246,56,407367.872,7400127.486,-0.352,56
test00899,407367.163,7400126.46,-0.238,56,407367.828,7400127.87,-0.344,56
test00900,407367.161,7400126.861,-0.279,56,407367.826,7400128.269,-0.385,56
test00901,407367.131,7400127.275,-0.271,56,407367.796,7400128.683,-0.377,56
test00902,407367.082,7400127.71,-0.25,56,407367.747,7400129.12,-0.36,56
test00903,407367.107,7400128.135,-0.271,56,407367.772,7400129.543,-0.377,56
test00904,407367.074,7400128.543,-0.284,56,407367.739,7400129.951,-0.390,56
test00905,407367.052,7400128.95,-0.257,56,407367.717,7400130.36,-0.363,56
test00906,407367.15,7400129.399,-0.264,56,407367.82,7400130.807,-0.370,56
test00907,407367.167,7400129.765,-0.192,56,407367.832,7400131.173,-0.298,56
test00908,407367.198,7400130.126,-0.168,56,407367.863,7400131.534,-0.274,56
test00909,407367.319,7400130.54,-0.23,56,407367.984,7400131.95,-0.34,56
test00910,407367.381,7400130.92,-0.245,56,407368.046,7400132.33,-0.351,56
test00911,407367.449,7400131.39,-0.208,56,407368.114,7400132.80,-0.314,56
test00912,407367.53,7400131.662,-0.203,56,407368.20,7400133.070,-0.309,56
test00913,407367.601,7400132.006,-0.222,56,407368.266,7400133.414,-0.328,56
test00914,407367.585,7400132.437,-0.241,56,407368.250,7400133.845,-0.347,56
test00915,407367.546,7400132.692,-0.174,56,407368.211,7400134.100,-0.280,56
test00916,407367.562,7400133.051,-0.206,56,407368.227,7400134.459,-0.312,56
test00917,407367.567,7400133.387,-0.201,56,407368.232,7400134.795,-0.307,56
test00918,407367.556,7400133.673,-0.168,56,407368.221,7400135.081,-0.274,56
test00919,407367.533,7400134.025,-0.22,56,407368.198,7400135.433,-0.33,56
test00920,407367.419,7400134.447,-0.223,56,407368.084,7400135.855,-0.329,56
test00921,407367.282,7400134.837,-0.176,56,407367.947,7400136.245,-0.282,56
test00922,407367.199,7400135.234,-0.205,56,407367.864,7400136.642,-0.311,56
test00923,407367.069,7400135.635,-0.269,56,407367.734,7400137.043,-0.375,56
test00924,407367.052,7400135.995,-0.263,56,407367.717,7400137.403,-0.369,56
test00925,407367.162,7400136.477,-0.22,56,407367.827,7400137.885,-0.33,56
test00926,407367.104,7400136.929,-0.296,56,407367.769,7400138.337,-0.402,56
test00927,407367.102,7400137.413,-0.255,56,407367.767,7400138.821,-0.361,56
test00928,407367.129,7400137.682,-0.243,56,407367.794,7400139.090,-0.349,56
test00929,407367.045,7400138.102,-0.229,56,407367.710,7400139.510,-0.335,56
test00930,407366.914,7400138.537,-0.169,56,407367.579,7400139.945,-0.275,56
test00931,407366.872,7400139.009,-0.197,56,407367.537,7400140.417,-0.303,56
test00932,407366.747,7400139.378,-0.242,56,407367.412,7400140.786,-0.348,56
test00933,407366.533,7400139.77,-0.209,56,407367.198,7400141.18,-0.315,56
test00934,407366.371,7400140.244,-0.215,56,407367.036,7400141.652,-0.321,56
test00935,407366.158,7400140.565,-0.237,56,407366.823,7400141.973,-0.343,56
test00936,407366.017,7400140.883,-0.202,56,407366.682,7400142.291,-0.308,56
test00937,407365.938,7400141.251,-0.2,56,407366.603,7400142.659,-0.3,56
test00938,407365.776,7400141.56,-0.258,56,407366.441,7400142.97,-0.364,56
test00939,407365.631,7400141.866,-0.236,56,407366.296,7400143.274,-0.342,56
test00940,407365.591,7400142.327,-0.265,56,407366.256,7400143.735,-0.371,56
test00941,407365.482,7400142.687,-0.272,56,407366.147,7400144.095,-0.378,56
test00942,407365.325,7400143.041,-0.25,56,407365.990,7400144.449,-0.36,56
test00943,407365.299,7400143.523,-0.292,56,407365.964,7400144.931,-0.398,56
test00944,407365.199,7400143.923,-0.298,56,407365.864,7400145.331,-0.404,56
test00945,407365.092,7400144.261,-0.263,56,407365.757,7400145.669,-0.369,56
test00946,407365.08,7400144.677,-0.274,56,407365.74,7400146.085,-0.380,56
test00947,407364.979,7400145.016,-0.333,56,407365.644,7400146.424,-0.439,56
test00948,407364.794,7400145.42,-0.258,56,407365.459,7400146.83,-0.364,56
test00949,407364.717,7400145.839,-0.329,56,407365.382,7400147.247,-0.435,56
test00950,407364.614,7400146.182,-0.269,56,407365.279,7400147.590,-0.375,56
test00951,407364.433,7400146.543,-0.288,56,407365.098,7400147.951,-0.394,56
test00952,407364.329,7400146.943,-0.31,56,407364.994,7400148.351,-0.42,56
test00953,407364.153,7400147.33,-0.262,56,407364.818,7400148.74,-0.368,56
test00954,407363.926,7400147.691,-0.278,56,407364.591,7400149.099,-0.384,56
test00955,407363.781,7400148.06,-0.286,56,407364.446,7400149.47,-0.392,56
test00956,407363.71,7400148.304,-0.272,56,407364.38,7400149.712,-0.378,56
test00957,407363.474,7400148.704,-0.302,56,407364.139,7400150.112,-0.408,56
test00958,407363.278,7400149.006,-0.237,56,407363.943,7400150.414,-0.343,56
test00959,407363.184,7400149.425,-0.237,56,407363.849,7400150.833,-0.343,56
test00960,407363.027,7400149.797,-0.296,56,407363.692,7400151.205,-0.402,56
test00961,407362.889,7400150.21,-0.255,56,407363.554,7400151.62,-0.361,56
test00962,407362.839,7400150.631,-0.267,56,407363.504,7400152.039,-0.373,56
test00963,407362.671,7400150.984,-0.295,56,407363.336,7400152.392,-0.401,56
test00964,407362.529,7400151.38,-0.244,56,407363.194,7400152.79,-0.350,56
test00965,407362.419,7400151.767,-0.247,56,407363.084,7400153.175,-0.353,56
test00966,407362.174,7400152.032,-0.31,56,407362.839,7400153.440,-0.42,56
test00967,407362.005,7400152.366,-0.308,56,407362.670,7400153.774,-0.414,56
test00968,407361.884,7400152.81,-0.296,56,407362.549,7400154.22,-0.402,56
test00969,407361.622,7400153.146,-0.341,56,407362.287,7400154.554,-0.447,56
test00970,407361.453,7400153.54,-0.316,56,407362.118,7400154.95,-0.422,56
test00971,407361.331,7400153.964,-0.29,56,407361.996,7400155.372,-0.40,56
test00972,407361.13,7400154.333,-0.291,56,407361.79,7400155.741,-0.397,56
test00973,407360.968,7400154.759,-0.281,56,407361.633,7400156.167,-0.387,56
test00974,407360.848,7400155.155,-0.264,56,407361.513,7400156.563,-0.370,56
test00975,407360.668,7400155.359,-0.302,56,407361.333,7400156.767,-0.408,56
test00976,407360.39,7400155.6,-0.268,56,407361.05,7400157.0,-0.374,56
test00977,407360.129,7400156.003,-0.296,56,407360.794,7400157.411,-0.402,56
test00978,407359.858,7400156.355,-0.328,56,407360.523,7400157.763,-0.434,56
test00979,407359.606,7400156.712,-0.292,56,407360.271,7400158.120,-0.398,56
test00980,407359.459,7400157.1,-0.298,56,407360.124,7400158.5,-0.404,56
test00981,407359.235,7400157.382,-0.328,56,407359.900,7400158.790,-0.434,56
test00982,407359.01,7400157.635,-0.346,56,407359.67,7400159.043,-0.452,56
test00983,407358.75,7400157.962,-0.388,56,407359.41,7400159.370,-0.494,56
test00984,407358.382,7400158.232,-0.372,56,407359.047,7400159.640,-0.478,56
test00985,407358.16,7400158.382,-0.308,56,407358.83,7400159.790,-0.414,56
test00986,407357.974,7400158.629,-0.343,56,407358.639,7400160.037,-0.449,56
test00987,407357.674,7400158.832,-0.339,56,407358.339,7400160.240,-0.445,56
test00988,407357.351,7400158.995,-0.307,56,407358.016,7400160.403,-0.413,56
test00989,407357.085,7400159.24,-0.298,56,407357.750,7400160.65,-0.404,56
test00990,407356.805,7400159.453,-0.313,56,407357.470,7400160.861,-0.419,56
test00991,407356.525,7400159.7,-0.291,56,407357.190,7400161.1,-0.397,56
test00992,407356.336,7400159.979,-0.37,56,407357.001,7400161.387,-0.48,56
test00993,407356.085,7400160.216,-0.371,56,407356.750,7400161.624,-0.477,56
test00994,407355.702,7400160.35,-0.419,56,407356.367,7400161.76,-0.525,56
test00995,407355.367,7400160.67,-0.448,56,407356.032,7400162.08,-0.554,56
test00996,407354.982,7400160.891,-0.407,56,407355.647,7400162.299,-0.513,56
test00997,407354.483,7400161.068,-0.353,56,407355.148,7400162.476,-0.459,56
test00998,407354.119,7400161.249,-0.343,56,407354.784,7400162.657,-0.449,56
test00999,407353.801,7400161.356,-0.335,56,407354.466,7400162.764,-0.441,56
test01000,407353.514,7400161.411,-0.298,56,407354.179,7400162.819,-0.404,56
test01001,407353.171,7400161.513,-0.316,56,407353.836,7400162.921,-0.422,56
test01002,407352.86,7400161.605,-0.298,56,407353.53,7400163.013,-0.404,56
test01003,407352.552,7400161.572,-0.285,56,407353.217,7400162.980,-0.391,56
test01004,407352.275,7400161.688,-0.31,56,407352.940,7400163.096,-0.42,56
test01005,407352.039,7400161.814,-0.36,56,407352.704,7400163.222,-0.47,56
